company,url,picture,address,Area,tags,numOfEmplyee,category,contactEmail,contactPhone,contactName,description,twitter,facebookPage,latitude,longitude,isHiring,on logo map?,tofes?,Company Type,Comments,"If your company is hiring, please add a link to the ""open position"" web page",~Year of establishment,~Are you familiar with the grants for Jerusalem based companies?,~Is your company looking to raise money?,~If yes- would you like to get more information about the grants?did,~If not - would you like to get more information about the grants?,~Is your company looking to raise money?,logo,Company,????,?? ????? ???????,"?????? ???""?",???? ??? ????,???,???? ????,???? ?????? ???,???? ?????,??????? ????? ?????,???? ???????,???? ??? ??? ???? ????? ????,???? ?????,???-????,"???""?",?.?,????? ?? ????? ??????? ???????? ????? ??????,??????,????? ??????,????? ????? ?? ?????? ??????,????? ??? ????,????? ?????,?????? ??????,?????? ????????,??????,????? ????,???? ????,?????? ?????,????? ???,??? ?????? ?????? ??????,????? ?????? ?? ?????? ???????,????? ????,???? ?????? ????,???? ????? ????????,????? ????? ????????,????,???????/???????,????? ?????,?????? ?????,????? Round A,???? Round A,????? Round B,???? Round B,????? Seed,???? Seed
CellCure Neurosciences Ltd.,,,,??? ????? ?????,,,,,02-5722006,??? ?????,,,,,,Nope,,,,,,,,,,,,"<img src="""" style=""max-height: 100px;max-width: 100px;"" />","<a target=""_blank"" rel=""nofollow"" href=""""> CellCure Neurosciences Ltd.</a>","????? ?? ???""?",CellCure Neurosciences Ltd,??,??? ????,,??? ????,??,??,??,??,??,??? ???? ?????,??,,513752394,??,??,??,??,??,,??,??,??,??,??,??,??,??,??,,??,??,??,,,,,,,,,,
3GSolar,http://www.3gsolar.com/,http://www.3gsolar.com/wp-content/themes/3gsolar/images/headerLogo.jpg,3 Hamarpe St.,HH,Mid,20,Energy,,(972) 73 7073750,Barry N. Breen,"Based on highly-efficient, low-cost DSC modules, Focused on the global PV market, 3GSolar offers a technical and economic alternative to traditional PV devices.",,,31.802254,35.211457,"Yes, we are hiring!",?,,,,,,,,,,,"<img src=""http://www.3gsolar.com/wp-content/themes/3gsolar/images/headerLogo.jpg"" style=""max-height: 100px;max-width: 100px;"" />","<a target=""_blank"" rel=""nofollow"" href=""http://www.3gsolar.com/"">3GSolar</a>",????? ?? MAdeinJLM,3GSolar,,,,,,,,,,,,,,,,,,,,,,,,,,,,,,,,,,,,,,,,,,
40Nuggets,http://40nuggets.com/,https://40nuggets.com/dashboard/images/logo.png,34 Ben Yoezer Yossi Jerusalem,South,Young,5,Mobile,Aaron Horowitz,,,"We line up your leads, tell you who wants what, and let you handle the business of selling. Customer intelligence without the hassle.",,,31.752894,35.206264,,V,,,,,,,,,,,"<img src=""https://40nuggets.com/dashboard/images/logo.png"" style=""max-height: 100px;max-width: 100px;"" />","<a target=""_blank"" rel=""nofollow"" href=""http://40nuggets.com/"">40Nuggets</a>",????? ?? MAdeinJLM,40Nuggets,,,,,,,,,,,,,,,,,,,,,,,,,,,,,,,,,,,,,,,,,,
Abe's market,http://www.abesmarket.com/,http://skin.abesmarket.com/skin/frontend/abe/responsive/images/header/abeslogo_r.png,Emek Refaim,South,Mid,30,Internet,Jon Polin,,,Abe’s Market is the online marketplace that gives natural product entrepreneurs a platform to showcase their products and tell their unique stories.,,,31.767599,35.223618,,V,,,,,,,,,,,"<img src=""http://skin.abesmarket.com/skin/frontend/abe/responsive/images/header/abeslogo_r.png"" style=""max-height: 100px;max-width: 100px;"" />","<a target=""_blank"" rel=""nofollow"" href=""http://www.abesmarket.com/"">Abe's market</a>",????? ?? MAdeinJLM,Abe's market,,,,,,,,,,,,,,,,,,,,,,,,,,,,,,,,,,,,,,,,,,
Accomplish software,http://www.accomplish-software.videoworldgroup.com,http://www.accomplish-software.videoworldgroup.com/photos/white_icon.png,Harav Hisdai Kreshkash 17/2,,,,Mobile,Yonatanreiss@gmail.com,9.72506E+11,Yonatan Reiss,Accomplish is a whole new aprouch to time management,,,,,,,,Startup,,,2012,,No,,,,"<img src=""http://www.accomplish-software.videoworldgroup.com/photos/white_icon.png"" style=""max-height: 100px;max-width: 100px;"" />","<a target=""_blank"" rel=""nofollow"" href=""http://www.accomplish-software.videoworldgroup.com"">Accomplish software</a>",????? ?? MAdeinJLM,Accomplish software,,,,,,,,,,,,,,,,,,,,,,,,,,,,,,,,,,,,,,,,,,
Accubeat,http://www.accubeat.co.il,,"????? 5, ??? ??????, ???? 3",?? ??????,,3,Hardware,,02-5868330,????? ?????,"????? , ????? ?????? ?????? ?????? ???? ????????, ????? ??? ???? ????????. ???? ?? ?? ????",,,31.802026,35.212115,"Yes, we are hiring!",,,,,,,,,,,,"<img src="""" style=""max-height: 100px;max-width: 100px;"" />","<a target=""_blank"" rel=""nofollow"" href=""http://www.accubeat.co.il"">Accubeat</a>","????? ?? ???""?",accubeat,??,?????,,???-??,,??,??,??,??,????? ??? ????????,??,??? ???,511884538,??,??,??,??,??,,??,??,??,??,??,??,??,??,??,Yosef Apter,??,??,??,,14,9,,,,,,,
Algen Biopharmaceutical,http://www.biojerusalem.org.il/database_company.asp?ID=3,http://madeinjlm.org/map/1px.png,"Givat Ram, Jerusalem",GR,,,Medical,,,,Algen Biopharmaceuticals is developing technologies for tricking cancer cells into “committing suicide” and thus preventing their spread.,Read more: http://www.crunchbase.com/financial-organization/ourcrowd#ixzz2bB4sP82X,,31.779123,35.196724,,X,,,,,,,,,,,"<img src=""http://madeinjlm.org/map/1px.png"" style=""max-height: 100px;max-width: 100px;"" />","<a target=""_blank"" rel=""nofollow"" href=""http://www.biojerusalem.org.il/database_company.asp?ID=3"">Algen Biopharmaceutical</a>",????? ?? MAdeinJLM,Algen Biopharmaceutical,,,,,,,,,,,,,,,,,,,,,,,,,,,,,,,,,,,,,,,,,,
Algen Biopharmaceuticals Inc.,,,,,,,Medical,,,,,,,,,,,,,,,,,,,,,"<img src="""" style=""max-height: 100px;max-width: 100px;"" />","<a target=""_blank"" rel=""nofollow"" href="""">Algen Biopharmaceuticals Inc.</a>","????? ?? ???""?",,"Givat Ram, Jerusalem",,,,,,,,,,,,,,,,,,,,,,,,,,,,,,,,,,,,,,,,,
AnyClip,http://www.anyclip.com/,http://www.render.co.il/img/gallery/Anyclip_01.jpg,"Hevron Road 24, Jerusalem",JVP,Mid,20,Internet,Oren Nauman,,,"AnyClip enables users to find any moment from any movie in its database. Its technology and innovative user experience allows consumers to relive their favorite moments from their favorite movies. AnyClip partners with film and television studios to create new promotional channels for movies and monetize their catalog content. Leveraging its distribution network, AnyClip allows third-party sites to provide their users with fun, exciting and legal movie content services, increasing traffic and ARPU.",,,31.767147,35.225567,"Yes, we are hiring!",V,,,,,,,,,,,"<img src=""http://www.render.co.il/img/gallery/Anyclip_01.jpg"" style=""max-height: 100px;max-width: 100px;"" />","<a target=""_blank"" rel=""nofollow"" href=""http://www.anyclip.com/"">AnyClip</a>",????? ?? MAdeinJLM,AnyClip,,,,,,,,,,,,,,,,,,,,,,,,,,,,,,,,,,,,,,,,,,
Ariel Kotzer,https://www.behance.net/arielko,https://m1.behance.net/profiles5/103808/01038081247882887.jpg,bezalel 3,,,,Other,arielko@gmail.com,97226747070,Ariel Kotzer,"creative: ariel kotzer helps you figure out what you want to say and then helps you say it, convincingly and memorably.
online or off, in presentations, clips, campaigns, exhibits, websites and any other tool or media that's relevant to your need.
just ask google, intel, and teva, among others.",@arielko2,,,,,,,Service Provider / Outsource,,,,,,,,,"<img src=""https://m1.behance.net/profiles5/103808/01038081247882887.jpg"" style=""max-height: 100px;max-width: 100px;"" />","<a target=""_blank"" rel=""nofollow"" href=""https://www.behance.net/arielko"">Ariel Kotzer</a>",????? ?? MAdeinJLM,Ariel Kotzer,,,,,,,,,,,,,,,,,,,,,,,,,,,,,,,,,,,,,,,,,,
BABA,,http://madeinjlm.org/map/1px.png,Marcus street,Hansen Compund,,,Accelerator/Hub,,,Hanan Glabendorf,"Bezalel Alumni Business Accelerator, based in Hansen Compound",,,31.768073,35.217061,,,,Accelerator,,,,,,,,,"<img src=""http://madeinjlm.org/map/1px.png"" style=""max-height: 100px;max-width: 100px;"" />","<a target=""_blank"" rel=""nofollow"" href="""">BABA</a>",????? ?? MAdeinJLM,BABA,,,,,,,,,,,,,,,,,,,,,,,,,,,,,,,,,,,,,,,,,,
Balink,http://balink.net/,http://d3dzqwnc8fz43w.cloudfront.net/wp-content/uploads/2012/10/balink300.jpg,Agoudat Sport Hapoel 1 B,,,,Software,contact@balink.net,+972(0)77 450 60 72,Don't know yet,Balink delivers Force.com based products and solutions that help businesses unlock the value of their cloud investment strategy.,,,,,,,,Service Provider / Outsource,,,,,,,,,"<img src=""http://d3dzqwnc8fz43w.cloudfront.net/wp-content/uploads/2012/10/balink300.jpg"" style=""max-height: 100px;max-width: 100px;"" />","<a target=""_blank"" rel=""nofollow"" href=""http://balink.net/"">Balink </a>",????? ?? MAdeinJLM,Balink,,,,,,,,,,,,,,,,,,,,,,,,,,,,,,,,,,,,,,,,,,
BioCancell therapeutics ltd.,http://www.biocancell.com/,http://www.biocancell.com/images/stories/logo.png,8 Hartom St,,,,Medical,,,,"BioCancell is dedicated to developing cancer treatments suitable for over 40 types of cancer, including pancreatic cancer and bladder cancer. BioCancell's patented, personalized cancer therapy approach is based on the identification of target oncogenes, such as H19.",,,31.802861,35.208912,,X,,,,,,,,,,,"<img src=""http://www.biocancell.com/images/stories/logo.png"" style=""max-height: 100px;max-width: 100px;"" />","<a target=""_blank"" rel=""nofollow"" href=""http://www.biocancell.com/"">BioCancell therapeutics ltd.</a>",????? ?? MAdeinJLM,BioCancell therapeutics ltd.,,,,,,,,,,,,,,,,,,,,,,,,,,,,,,,,,,,,,,,,,,
Bioline Innovations Jerusalem (BiolineRx),http://www.biolinerx.com/,http://www.biolinerx.com/images/BIOLINERX.png,"19 Hartum Street,",HH,,,Investor,,972-2-5489100,,"BioLineRx is a clinical-stage, publicly-traded (NASDAQ/ TASE: BLRX) biopharmaceutical development company based in Jerusalem, Israel. The Company develops products suitable for the pharmaceutical market satisfying an unmet medical need or exhibiting advantages over current therapies.",,,31.804589,35.210942,,X,,,,,,,,,,,"<img src=""http://www.biolinerx.com/images/BIOLINERX.png"" style=""max-height: 100px;max-width: 100px;"" />","<a target=""_blank"" rel=""nofollow"" href=""http://www.biolinerx.com/"">Bioline Innovations Jerusalem (BiolineRx)</a>",????? ?? MAdeinJLM,Bioline Innovations Jerusalem,,,,,,,,,,,,,,,,,,,,,,,,,,,,,,,,,,,,,,,,,,
BioLineRx Ltd.,,,,,,,Medical,,,,,,,,,,,,,,,,,,,,,"<img src="""" style=""max-height: 100px;max-width: 100px;"" />","<a target=""_blank"" rel=""nofollow"" href="""">BioLineRx Ltd.</a>","????? ?? ???""?",,"19 Hartum Street,",,,http://www.biolinerx.com/images/BIOLINERX.png,,,,,,,,,,,,,,,,,,,,,,,,,,,,,,,,,,,,,,
Biometrix,http://www.biometrix.co.il/,http://events.eventact.com/tgmk/tgmk/MedisIsrael/biometrix.jpg,Har Hotzvim,HH,,,Medical,,,,"Biometrix develops, manufactures and markets innovative, high-quality medical devices for intensive care, surgery and interventional cardiology.",,,31.802873,35.208912,,X,,,,,,,,,,,"<img src=""http://events.eventact.com/tgmk/tgmk/MedisIsrael/biometrix.jpg"" style=""max-height: 100px;max-width: 100px;"" />","<a target=""_blank"" rel=""nofollow"" href=""http://www.biometrix.co.il/"">Biometrix</a>",????? ?? MAdeinJLM,Biometrix,,,,,,,,,,,,,,,,,,,,,,,,,,,,,,,,,,,,,,,,,,
Bizrael,http://www.bizrael.org,http://i.imgur.com/4ldsm8U.jpg,10 Mevo Ha'Asara French Hill Jerusalem,,,,Service Provider / Outsource,maxx@bizrael.org,,Maxx Blank,"Bizrael is a non-profit organization running engaging Israel trips for students and young professionals focused on Israeli business, innovation, and the start-up ecosystem.",,,,,,,,Other,,,,,,,,,"<img src=""http://i.imgur.com/4ldsm8U.jpg"" style=""max-height: 100px;max-width: 100px;"" />","<a target=""_blank"" rel=""nofollow"" href=""http://www.bizrael.org"">Bizrael</a>",????? ?? MAdeinJLM,Bizrael,,,,,,,,,,,,,,,,,,,,,,,,,,,,,,,,,,,,,,,,,,
BriefCam,http://briefcam.com/,http://briefcam.com/wp-content/themes/briefcam2010/images/logo_sm.gif,Modiin,Modiin,Mid,40,Software,,2-533-7228,,"BriefCam for rapid video review lets you browse hours in minutes. The result: more efficient investigation and significant savings on cost, manpower and your valuable timeb",,,31.808108,35.081099,,V,,,,,,,,,,,"<img src=""http://briefcam.com/wp-content/themes/briefcam2010/images/logo_sm.gif"" style=""max-height: 100px;max-width: 100px;"" />","<a target=""_blank"" rel=""nofollow"" href=""http://briefcam.com/"">BriefCam</a>",????? ?? MAdeinJLM,BriefCam,,,,,,,,,,,,,,,,,,,,,,,,,,,,,,,,,,,,,,,,,,
BrightSource Energy,http://www.brightsourceenergy.com/,http://www.brightsourceenergy.com/site/images/hd-logo.jpg,Kiryat Mada 11,HH,Big,200,Energy,,,,"BrightSource Energy, Inc. designs, develops, and deploys solar thermal technology to produce high-value electricity and steam for power, petroleum, and industrial-process markets worldwide.",,,31.802637,35.20914,,V,,,,,,,,,,,"<img src=""http://www.brightsourceenergy.com/site/images/hd-logo.jpg"" style=""max-height: 100px;max-width: 100px;"" />","<a target=""_blank"" rel=""nofollow"" href=""http://www.brightsourceenergy.com/"">BrightSource Energy</a>",????? ?? MAdeinJLM,BrightSource Energy,,,,,,,,,,,,,,,,,,,,,,,,,,,,,,,,,,,,,,,,,,
Bynet,http://www.bynet-yesum.co.il,,????? 8,HH,,,Software,,02-5879798,????? ???,"?????? ?????? ??????? ????????, ????' ??????, NDS ???'",,,31.809,35.2235,Nope,,,,,,,,,,,,"<img src="""" style=""max-height: 100px;max-width: 100px;"" />","<a target=""_blank"" rel=""nofollow"" href=""http://www.bynet-yesum.co.il"">Bynet</a>","????? ?? ???""?",Bynet yesum maarachot,??,???,02-5813868,??????,??,??,??,??,??,???,??,????? ???,,??,??,??,??,??,,??,??,??,??,??,??,??,??,??,,??,??,??,,,,,,,,,,
CDI Systems,http://www.cdisys.com/,http://www.cdisys.com/,19 Hartum St.,HH,,above 20,Software,itzhak@cdisys.com,02-5870112,Itzhak Levit,"CDI Systems focuses on the development of a unique and innovative online publishing platform - NetIS™. The company has successfully deployed scores of solutions for the Internet, Intranet, Mobile Internet, DVD/CD-ROMs, tablets and eReader devices.
Deployments range from global giants such as Dun & Bradstreet from Japan to the United States, government contracts, the European Directorate for the Quality of Medicines & Healthcare (EDQM), to publishing houses. Please visit www.cdisys.com to learn more.
",,https://www.facebook.com/pages/CDI-Systems/144901298876977,31.804388,35.210967,,,,Startup,,,1992,Yes,No,,,No,"<img src=""http://www.cdisys.com/"" style=""max-height: 100px;max-width: 100px;"" />","<a target=""_blank"" rel=""nofollow"" href=""http://www.cdisys.com/"">CDI Systems</a>",????? ?? MAdeinJLM,CDI Systems,,,,,,,,,,,,,,,,,,,,,,,,,,,,,,,,,,,,,,,,,,
Celem,http://www.celem.com,https://encrypted-tbn0.gstatic.com/images?q=tbn:ANd9GcQU2_hPT3AtRvuPWwssc4IDpDDgYlXo1FozvZxrbbFlTk_8ARwr,"12/2 Hi Tech Park, Givat Ram
P.O. Box 39109
Jerusalem 91390, ISRAEL",Givat Ram,,2,,,02-6788305,?????? ?'???????',"Celem is the world’s leading developer and producer of high power capacitors for induction heating applications.
Our extensive catalog of high power induction heating capacitors, capacitance values and assembly system solutions ensures that we can quickly provide our customers with any configuration of voltage, current and capacitance that they need.",,,31.767683,35.196793,Nope,,,,,,,,,,,,"<img src=""https://encrypted-tbn0.gstatic.com/images?q=tbn:ANd9GcQU2_hPT3AtRvuPWwssc4IDpDDgYlXo1FozvZxrbbFlTk_8ARwr"" style=""max-height: 100px;max-width: 100px;"" />","<a target=""_blank"" rel=""nofollow"" href=""http://www.celem.com"">Celem</a>","????? ?? ???""?",Celem,??,???,02-6536094,???-??,??,??,??,??,??,???,??,?????? ?'???????',,??,??,??,??,??,,??,??,??,??,??,??,??,??,??,,??,??,??,,8,2,,,,,,,
Chutzpah Media,http://www.chutzpahmedia.co.il,https://pbs.twimg.com/profile_images/2629774226/09bf3ade36b0fd78919fb6530f09adb6.png,Rehov HaMagid 6b/7 German Colony,German Colony,,1,Service Provider / Outsource,elahn@chutzpahmedia.co.il,+972 50 261 3341,Elahn Zetlin,"Video production for business marketing, promotion, fund raising, tourism and events.
A one stop shop for businesses, organizations and individuals to build brand awareness, promote a product, charity or cause as well as get assistance with marketing of video content online via social media and other channels.",https://twitter.com/ChutzpahMedia,www.facebook.com/chutzpahmedia,31.765793,35.220194,Nope,,,Other,,,,,,,,,"<img src=""https://pbs.twimg.com/profile_images/2629774226/09bf3ade36b0fd78919fb6530f09adb6.png"" style=""max-height: 100px;max-width: 100px;"" />","<a target=""_blank"" rel=""nofollow"" href=""http://www.chutzpahmedia.co.il"">Chutzpah Media</a>",????? ?? MAdeinJLM,Chutzpah Media,,,,,,,,,,,,,,,,,,,,,,,,,,,,,,,,,,,,,,,,,,
Cisco,http://www.nds.com/,http://gdpinsider.com/wp-content/uploads/2013/11/Capture1-620x350.png,Har Hotzvim,HH,Corporate,1000,Software,,,,"NDS is a leading global provider of end-to-end software solutions for the pay television industry. We enable pay-TV operators to differentiate their service by delivering a unique viewing experience to their subscribers—anytime, anywhere on any device—while ensuring that only paying viewers can view content.",,,31.802835,35.209653,,V,,,,,,,,,,,"<img src=""http://gdpinsider.com/wp-content/uploads/2013/11/Capture1-620x350.png"" style=""max-height: 100px;max-width: 100px;"" />","<a target=""_blank"" rel=""nofollow"" href=""http://www.nds.com/"">Cisco</a>",????? ?? MAdeinJLM,Cisco,,,,,,,,,,,,,,,,,,,,,,,,,,,,,,,,,,,,,,,,,,
ClearView Monitoring,http://www.clearviewmonitoring.com/,http://madeinjlm.org/map/1px.png,"Hartum 19, Har Hotzvim",HH,Mid,10,Software,,02-5400920,???? ???,"specializes in Cleantech Enterprise Software solutions for condition monitoring (CM), early fault detection and classification (FDC), performance enhancement and on-line analysis and diagnostics.",,,31.802885,35.209693,,?,,,,,,,,,,,"<img src=""http://madeinjlm.org/map/1px.png"" style=""max-height: 100px;max-width: 100px;"" />","<a target=""_blank"" rel=""nofollow"" href=""http://www.clearviewmonitoring.com/"">ClearView Monitoring</a>",????? ?? MAdeinJLM,ClearView Monitoring,,,,,,,,,,,,,,,,,,,,,,,,,,,,,,,,,,,,,,,,,,
Coolnet,http://www.coolnet.ps/,http://www.pita.ps/sites/default/files/styles/directory_logo/public/coolnet_logo.jpeg?itok=izB424lm,Rashid St.2,East,,,software,,,Hani Alami,"Coolnet has the know how to design, develop and deploy tailor wireless communications systems and solutions.",https://twitter.com/Coolnet_ps,https://www.facebook.com/pages/CoolNet/35052327478,31.7836111,35.2338975,,,,,,,,,,,,,,,,,,,,,,,,,,,,,,,,,,,,,,,,,,,,,,,,,,,,,,,,,,
Correlor,http://www.correlor.com,http://s3.amazonaws.com/crunchbase_prod_assets/assets/images/resized/0023/4924/234924v2-max-250x250.png,Hevron Road 24,JVP,Young,7,Internet,Larry Rubin,,,"Correlor unleashes the treasure of social data to deliver a completely new breed of web personalization and user engagement, helping businesses to craft powerful relationships with consumers and drive revenues.",,,31.766933,35.225269,,V,,,,,,,,,,,"<img src=""http://s3.amazonaws.com/crunchbase_prod_assets/assets/images/resized/0023/4924/234924v2-max-250x250.png"" style=""max-height: 100px;max-width: 100px;"" />","<a target=""_blank"" rel=""nofollow"" href=""http://www.correlor.com"">Correlor</a>",????? ?? MAdeinJLM,Correlor,,,,,,,,,,,,,,,,,,,,,,,,,,,,,,,,,,,,,,,,,,
CrossReader,http://www.crossreader.com/,http://crossreader.com/wp-content/uploads/2013/02/CrossLogo-300x80.png,Hevron Road 24,JVP,Young,7,Internet,Navot Volk,,,CrossReader is a content discovery service that enhances information consumption on tablets. CrossReader identifies additional content relevant to the page currently being viewed and seamlessly presents it in an unobtrusive manner.,,,31.767071,35.225258,,V,,,,,,,,,,,"<img src=""http://crossreader.com/wp-content/uploads/2013/02/CrossLogo-300x80.png"" style=""max-height: 100px;max-width: 100px;"" />","<a target=""_blank"" rel=""nofollow"" href=""http://www.crossreader.com/"">CrossReader</a>",????? ?? MAdeinJLM,CrossReader,,,,,,,,,,,,,,,,,,,,,,,,,,,,,,,,,,,,,,,,,,
Curiyo,http://curiyo.com,https://encrypted-tbn0.gstatic.com/images?q=tbn:ANd9GcTmTldjbX2xCNPBJUbK6P0L0xyPM-fzBAcqadooFQHKbzd9v3lj,43B Emek Refaim,Emek Refaim,Young,7,Internet,bob@curiyo.com,-2182,Bob Rosenschein,"Founded by Bob Rosenschein, founder and former CEO of Answers.com, a top-20 U.S. website, Curiyo's vision is to simplify and streamline online content discovery. The product delivers relevant information to the user in context so the user does not have to open up new tabs to search or switch between apps. The company's publisher platform keeps websites users on the site longer by providing useful information with leaving the page.",https://twitter.com/BeCuriyo,https://www.facebook.com/becuriyo,31.7625206,35.2182321,Nope,,,Startup,,,2,Yes,Yes,,,,"<img src=""https://encrypted-tbn0.gstatic.com/images?q=tbn:ANd9GcTmTldjbX2xCNPBJUbK6P0L0xyPM-fzBAcqadooFQHKbzd9v3lj"" style=""max-height: 100px;max-width: 100px;"" />","<a target=""_blank"" rel=""nofollow"" href=""http://curiyo.com"">Curiyo</a>",????? ?? MAdeinJLM,Curiyo,,,,,,,,,,,,,,,,,,,,,,,,,,,,,,,,,,,,,,,,,,
Dagzahav animation,http://www.dagzahav-animation.co.il/,https://encrypted-tbn1.gstatic.com/images?q=tbn:ANd9GcSDEhqU_9rRDYm_YgssHKY_xZaOoTNGS3B-5lI6JvJbDk0zvpZf,"Gordon 9/6a, Kiryat Hayovel",Kiryat Yovel,,4,Service Provider / Outsource,maya@dagzahav-animation.co.il,972-54-7939917,Maya Weksler,"I'm an expert in animated explainer videos for stratups. in the studio we produced over 30 video for different startups & tech companies, such as - nice, incentives solutions, expobee, visa & more.
The main advantage a stratup gets from working with us is a well crafted video that explain what he does in clear, engaging & fun way.",,https://www.facebook.com/pages/%D7%93%D7%92%D7%96%D7%94%D7%91-%D7%90%D7%A0%D7%99%D7%9E%D7%A6%D7%99%D7%94-%D7%A1%D7%A8%D7%98%D7%99%D7%9D-%D7%9C%D7%A2%D7%A1%D7%A7%D7%99%D7%9D-%D7%95%D7%90%D7%A8%D7%92%D7%95%D7%A0%D7%99%D7%9D/112827375466648?sk=wall,31.767325,35.177588,Nope,,,Service Provider / Outsource,,,,,,,,,"<img src=""https://encrypted-tbn1.gstatic.com/images?q=tbn:ANd9GcSDEhqU_9rRDYm_YgssHKY_xZaOoTNGS3B-5lI6JvJbDk0zvpZf"" style=""max-height: 100px;max-width: 100px;"" />","<a target=""_blank"" rel=""nofollow"" href=""http://www.dagzahav-animation.co.il/"">Dagzahav animation</a>",????? ?? MAdeinJLM,Dagzahav animation,,,,,,,,,,,,,,,,,,,,,,,,,,,,,,,,,,,,,,,,,,
Data Technologies,http://www.data-technologies.com/,http://t2.gstatic.com/images?q=tbn:ANd9GcQ3gLqcZSUsojidexivtWBlwpEV_K1nW1PGtawmjqTRkosr2bw0,,,,,Hardware,,,,"DATA Technologies develops, manufactures & distributes equipment for counting & packaging small objects such as seeds, diamonds, capsules and tablets.",,,31.805446,35.212297,,X,,,,,,,,,,,"<img src=""http://t2.gstatic.com/images?q=tbn:ANd9GcQ3gLqcZSUsojidexivtWBlwpEV_K1nW1PGtawmjqTRkosr2bw0"" style=""max-height: 100px;max-width: 100px;"" />","<a target=""_blank"" rel=""nofollow"" href=""http://www.data-technologies.com/"">Data Technologies</a>",????? ?? MAdeinJLM,Data Technologies,,,,,,,,,,,,,,,,,,,,,,,,,,,,,,,,,,,,,,,,,,
Data Tide,http://data-tide.com,http://data-tide.com/images/logo.png,"Azza 7, Jerusalem",Center,Young,2,Software,amos.weiskopf@gmail.com,,Amos Weiskopf,"We champion strategic planning in the digital arena. From mix modelling to information architecture, we craft marketing roadmaps that win - and execute them. 

We carry out business intelligence operations, covering anything from competitive market analysis to consumer journey mapping and forecasting.",9.72545E+11,,31.772268,35.213459,Nope,,,Service Provider / Outsource,,No,2013,,,,,,,,,,,,,,,,,,,,,,,,,,,,,,,,,,,,,,,,,,,,,,,,,,,
DBS-H,http://www.dbs-h.com/,http://madeinjlm.org/map/1px.png,8 HaTaasia str. Talpiyot,South,Young,5,Software,,,Michael Elkin,"DBS-H Ltd is an innovative data integration provider that develops solutions for continuous data integration in private, hybrid or public cloud environments.",,,31.750941,35.212501,,V,,,,,,,,,,,"<img src=""http://madeinjlm.org/map/1px.png"" style=""max-height: 100px;max-width: 100px;"" />","<a target=""_blank"" rel=""nofollow"" href=""http://www.dbs-h.com/"">DBS-H</a>",????? ?? MAdeinJLM,DBS-H,,,,,,,,,,,,,,,,,,,,,,,,,,,,,,,,,,,,,,,,,,
Delta Three,http://www.deltathree.com,,"?? ???????? ????, ????? 9, ?.?. 48265",Malcha,,,software,,02-6491222,??? ?????-?????,?????? Voice Over IP,,,31.7698,35.21215,Nope,,,,,,,,,,,,"<img src="""" style=""max-height: 100px;max-width: 100px;"" />","<a target=""_blank"" rel=""nofollow"" href=""http://www.deltathree.com"">Delta Three</a>","????? ?? ???""?",Delta three,??,???,02-6491200,???-??,??,??,??,??,??,???? ?????,??,,512336660,??,??,??,??,??,,??,??,??,??,??,??,??,??,??,,??,??,??,,,,,,,,,,
Digital Footsteps,http://digital-footsteps.com/,http://digital-footsteps.com/wp-content/themes/digitalfootsteps/images/logo.png,,,Young,5,Internet,,,,"Multimedia applications, powered by Digital Footsteps’ proprietary technologies, deliver fee-free, GPS-driven, on and off-line comprehensive tour app solutions.",,,,,,V,,,,,,,,,,,"<img src=""http://digital-footsteps.com/wp-content/themes/digitalfootsteps/images/logo.png"" style=""max-height: 100px;max-width: 100px;"" />","<a target=""_blank"" rel=""nofollow"" href=""http://digital-footsteps.com/"">Digital Footsteps</a>",????? ?? MAdeinJLM,Digital Footsteps,,,,,,,,,,,,,,,,,,,,,,,,,,,,,,,,,,,,,,,,,,
Digital-Clay,www.digital-clay.com,http://digital-clay.com/support/wiki/lib/exe/fetch.php/logo.jpg,1 avizohar,,,,Software,talir@digital-clay.com,9.72544E+11,Tali Rejwan,Digital-Clay is a user friendly application engine that anyone can use to build software products for desktop web and mobile devices with the use of visual tools and no coding.,,,31.775927,35.188855,"Yes, we are hiring!",,,Startup,,,,No,Yes,,,Yes,"<img src=""http://digital-clay.com/support/wiki/lib/exe/fetch.php/logo.jpg"" style=""max-height: 100px;max-width: 100px;"" />","<a target=""_blank"" rel=""nofollow"" href=""www.digital-clay.com"">Digital-Clay</a>",????? ?? MAdeinJLM,Digital-Clay,,,,,,,,,,,,,,,,,,,,,,,,,,,,,,,,,,,,,,,,,,
Easy Check Medical,http://www.israelbizreg.com/easy-check-medical-diagnostic-technologies-ltd,http://madeinjlm.org/map/1px.png,The Technological Garden,Malcha,,,Medical,,,,,,,31.750285,35.187464,,X,,,,,,,,,,,"<img src=""http://madeinjlm.org/map/1px.png"" style=""max-height: 100px;max-width: 100px;"" />","<a target=""_blank"" rel=""nofollow"" href=""http://www.israelbizreg.com/easy-check-medical-diagnostic-technologies-ltd"">Easy Check Medical</a>",????? ?? MAdeinJLM,Easy Check Medical,,,,,,,,,,,,,,,,,,,,,,,,,,,,,,,,,,,,,,,,,,
Elad Group,,http://madeinjlm.org/map/1px.png,,,"Big,Service",,Service Provider / Outsource,,,,,,,,,,X,,,,,,,,,,,"<img src=""http://madeinjlm.org/map/1px.png"" style=""max-height: 100px;max-width: 100px;"" />","<a target=""_blank"" rel=""nofollow"" href="""">Elad Group</a>",????? ?? MAdeinJLM,Elad Group,,,,,,,,,,,,,,,,,,,,,,,,,,,,,,,,,,,,,,,,,,
Eliora Games,bullsandbearsonline.com,http://madeinjlm.org/map/1px.png,Kortz St. Arnona,Talpiot,,,Internet,kerin@bullsandbearsonline.com,,Kerin Jacobs,"Eliora Games develops unique educational tools that teach basic economic principles by mimicking how the real economy and financial markets work. Our first game is built on the Facebook platform, and is going to be available for the general public in just a few months!",,,,,"Yes, we are hiring!",,,Startup,,,,,,,,,"<img src=""http://madeinjlm.org/map/1px.png"" style=""max-height: 100px;max-width: 100px;"" />","<a target=""_blank"" rel=""nofollow"" href=""bullsandbearsonline.com"">Eliora Games</a>",????? ?? MAdeinJLM,Eliora Games,,,,,,,,,,,,,,,,,,,,,,,,,,,,,,,,,,,,,,,,,,
eMobile R&D Ecosystems,http://www.poketalk.com,,"??-???????? ????, ????? 1","??""? ????",,11,software,,054-7581704,???? ?????,????? ????? ?????? ???????? ????,,,31.7698,35.21215,"Yes, we are hiring!",,,,,,,,,,,,"<img src="""" style=""max-height: 100px;max-width: 100px;"" />","<a target=""_blank"" rel=""nofollow"" href=""http://www.poketalk.com"">eMobile R&D Ecosystems</a>","????? ?? ???""?",eMobile,??,???,,???-??,,??,??,??,??,????? ??? ????????,??,???? ?????,514720879,??,??,??,??,??,,??,??,??,??,??,??,??,??,??,Yosef Apter,??,??,??,,8,3,,,,,,,
Energy Global,http://www.energiyaglobal.com,,?? ?????? 4,??????,,,Energy,,054-484-4391,?'????? ????????,????? ????????? ?? ?????? ?????? ??????? ???????. ???? ???? ????? ??????? ?????? ??????,,,,,"Yes, we are hiring!",,,,,,,,,,,,"<img src="""" style=""max-height: 100px;max-width: 100px;"" />","<a target=""_blank"" rel=""nofollow"" href=""http://www.energiyaglobal.com"">Energy Global</a>","????? ?? ???""?",EnergiyaGlobal,??,???,,???-??,??,??,??,??,??,????? ??? ????????,??,,,??,??,??,??,??,,??,??,??,??,??,??,??,??,??,,??,??,??,,,,,,,,,,
Ericom,http://www.ericom.com/contact.asp,http://springboardpr.com/wp-content/uploads/ericom-logo-01.png,"????? 8, ?.?. 45122",?? ??????,Mid,,Software,,,,"????? ??????? ???? ???????? ????? ???????? ??????? ?? ??? ????? ????? ????????, ??? ?? ??????? ?????? ????? ?????? ??????? ???? ???????? ?-RDP. ?? ????? ???? ?????? ?????? ???? ?????? ?????? ?- 45 ??????, ?????? ?????? ?????? ????""?, ??????, ??????, ???? ?? ??????, ?????? ????????? ?????? ???? ????? (OEM), ????? HP, WYSE, IGEL ??????, ??????? ?? ?????? ??????????? ????? ??????, ??????, ?????? ?????. ???? ?????? ?? ?????? ???? ??? ??????.",,,31.802865,35.211192,,V,,,,,,,,,,,"<img src=""http://springboardpr.com/wp-content/uploads/ericom-logo-01.png"" style=""max-height: 100px;max-width: 100px;"" />","<a target=""_blank"" rel=""nofollow"" href=""http://www.ericom.com/contact.asp"">Ericom</a>",????? ?? MAdeinJLM,Ericom,,,,,,,,,,,,,,,,,,,,,,,,,,,,,,,,,,,,,,,,,,
Everminder,http://www.everminder.com/,http://madeinjlm.org/map/1px.png,,Talpiot,Pre-Seed,1,mobile,Ben Wiener,,,,,,,,,V,,,,,,,,,,,"<img src=""http://madeinjlm.org/map/1px.png"" style=""max-height: 100px;max-width: 100px;"" />","<a target=""_blank"" rel=""nofollow"" href=""http://www.everminder.com/"">Everminder</a>",????? ?? MAdeinJLM,Everminder,,,,,,,,,,,,,,,,,,,,,,,,,,,,,,,,,,,,,,,,,,
Execelingo,http://www.excelingo.com/,http://madeinjlm.org/map/1px.png,,,Pre-Seed,2,Mobile,,,,ExceLingo's mission is to be the world's leading provider of language learning applications for mobile phones.,,,,,,V,,,,,,,,,,,"<img src=""http://madeinjlm.org/map/1px.png"" style=""max-height: 100px;max-width: 100px;"" />","<a target=""_blank"" rel=""nofollow"" href=""http://www.excelingo.com/"">Execelingo</a>",????? ?? MAdeinJLM,Execelingo,,,,,,,,,,,,,,,,,,,,,,,,,,,,,,,,,,,,,,,,,,
Exlibris,http://www.exlibris.co.il/,http://www.exlibrisgroup.com/template/images/company_logo.gif,The Technological Garden,Malcha,Big,300,Software,,,,"Take your library to the next generation Consolidate and extend your library\'s operations with a unified, SaaS platform for electronic, print and digital.",,,31.750285,35.187364,TRUE,V,,,,,,,,,,,"<img src=""http://www.exlibrisgroup.com/template/images/company_logo.gif"" style=""max-height: 100px;max-width: 100px;"" />","<a target=""_blank"" rel=""nofollow"" href=""http://www.exlibris.co.il/"">Exlibris</a>",????? ?? MAdeinJLM,Exlibris,,,,,,,,,,,,,,,,,,,,,,,,,,,,,,,,,,,,,,,,,,
FaceTune,http://www.facetuneapp.com,http://a200.phobos.apple.com/us/r1000/113/Purple2/v4/fc/f5/9a/fcf59aff-4318-5b9d-16df-3803e954ff7f/mzl.guqiyozq.png,Givat Ram,Givat Ram,Mid,17,Mobile,Zeev Farbman,,Zeev Farbman,Facetune is a fun and powerful portrait photo editor which allows you to easily achieve magazine-style results!,https://twitter.com/facetuneapp,https://www.facebook.com/facetuneapp,31.767407,35.197421,"Yes, we are hiring!",V,,,,,,,,,,,"<img src=""http://a200.phobos.apple.com/us/r1000/113/Purple2/v4/fc/f5/9a/fcf59aff-4318-5b9d-16df-3803e954ff7f/mzl.guqiyozq.png"" style=""max-height: 100px;max-width: 100px;"" />","<a target=""_blank"" rel=""nofollow"" href=""http://www.facetuneapp.com"">FaceTune</a>",????? ?? MAdeinJLM,FaceTune,,,,,,,,,,,,,,,,,,,,,,,,,,,,,,,,,,,,,,,,,,
Finn Partners,http://www.finnpartners.co.il,http://www.holmesreport.com/Uploadedfiles/agency/logo%20translucent.png,"Hartum 8, Har Hotzvim",HH,,5/10/2014,Service Provider / Outsource,goel@finnpartners.co.il,02-589-2000,Goel Jasper,"We help Israel-based hi-tech and bio-tech companies communicate to the markets outside of Israel that help them succeed. Our primary business is public relations, and we also provide analyst relations, strategic research and social media services.",@RFIPR,,31.802911,35.213109,"Yes, we are hiring!",,,Service Provider / Outsource,,,,,,,,,"<img src=""http://www.holmesreport.com/Uploadedfiles/agency/logo%20translucent.png"" style=""max-height: 100px;max-width: 100px;"" />","<a target=""_blank"" rel=""nofollow"" href=""http://www.finnpartners.co.il"">Finn Partners</a>",????? ?? MAdeinJLM,Finn Partners,,,,,,,,,,,,,,,,,,,,,,,,,,,,,,,,,,,,,,,,,,
FreeMind,http://www.freemind.co.il,https://encrypted-tbn1.gstatic.com/images?q=tbn:ANd9GcQ73Lm-1y3E37J41PkiFbmOmD7TVwFcQn1AqlPxb4oUFI5vQMtNsg,"2/8 Hi Tech Park, Givat Ram, POB 39039,
Jerusalem 91390, ISRAEL",Givat Ram,,25,Service Provider / Outsource,,02-6799833,???? ?????,????? ???? ?????? ????? ?????? ???? ??????. ??? ????? ????? ???? ???????? (????? ??????),,,31.767115,35.198059,"Yes, we are hiring!",,,,,,,,,,,,"<img src=""2/8 Hi Tech Park, Givat Ram, POB 39039,
Jerusalem 91390, ISRAEL"" style=""max-height: 100px;max-width: 100px;"" />","<a target=""_blank"" rel=""nofollow"" href=""http://www.freemind.co.il"">FreeMind</a>","????? ?? ???""?",freemind,??,???,02-6799834,???,??,??,??,??,??,???,??,???? ?????,513356766,??,??,??,??,??,,??,??,??,??,??,??,??,??,??,,??,??,??,,10,4,11,,,,,,
Freightos,http://www.freightos.com,http://www.freightos.com/images/FreightosLogo.png,"22 Yoram Ronen, Givat Masua",,,,Software,eytan@freightos.com,+972 54 206 9227,Eytan Buchman,"Freightos is creating the world's first automated online freight network, connecting the carriers, freight vendors and shippers in order to modernize the multi-trillion dollar shipping industry. An ""Expedia"" for freight, Freightos already works with freight forwarders around the world.",Freightos,http://www.facebook.com/freightos,31.747903,35.17185,Nope,,,Startup,I am resubmitting because the data on the site is defunct.,,,No,No,,,,"<img src=""http://www.freightos.com/images/FreightosLogo.png"" style=""max-height: 100px;max-width: 100px;"" />","<a target=""_blank"" rel=""nofollow"" href=""http://www.freightos.com"">Freightos</a>",????? ?? MAdeinJLM,Freightos,,,,,,,,,,,,,,,,,,,,,,,,,,,,,,,,,,,,,,,,,,
Gamba Gamez,http://apps.facebook.com/reely_app/,https://fbcdn-photos-a-a.akamaihd.net/hphotos-ak-prn1/851575_531261350245254_442516766_n.png,Hevron Road 24,JVP,Young,5,Internet,David Adi,,,,ReelyMovies,,31.767045,35.225326,,X,,,,,,,,,,,"<img src=""https://fbcdn-photos-a-a.akamaihd.net/hphotos-ak-prn1/851575_531261350245254_442516766_n.png"" style=""max-height: 100px;max-width: 100px;"" />","<a target=""_blank"" rel=""nofollow"" href=""http://apps.facebook.com/reely_app/"">Gamba Gamez</a>",????? ?? MAdeinJLM,Gamba Gamez,,,,,,,,,,,,,,,,,,,,,,,,,,,,,,,,,,,,,,,,,,
GE-LIGHTING,,,,??? ????? ?????,,,,,544735002,???? ???,????? ???? ?????? ??????? ??????? ????????? ???? ???????,,,,,Nope,,,,,,,,,,,,"<img src="""" style=""max-height: 100px;max-width: 100px;"" />","<a target=""_blank"" rel=""nofollow"" href="""">GE-LIGHTING</a>","????? ?? ???""?",,??,??? ????,,??? ????,??,??,??,??,??,??? ???? ?????,??,,,??,??,??,??,??,,??,??,??,??,??,??,??,??,??,Itzik Ozer,??,??,??,,,,,,,,,,
Glide,http://www.glide.me/,http://tctechcrunch2011.files.wordpress.com/2013/03/glide-logo-blue1.png,The Technological Garden,Malcha,Young,15,Mobile,Ari Roisman,,,Instant Video-messaging,,,31.749765,35.186377,,V,,,,,,,,,,,"<img src=""http://tctechcrunch2011.files.wordpress.com/2013/03/glide-logo-blue1.png"" style=""max-height: 100px;max-width: 100px;"" />","<a target=""_blank"" rel=""nofollow"" href=""http://www.glide.me/"">Glide</a>",????? ?? MAdeinJLM,Glide,,,,,,,,,,,,,,,,,,,,,,,,,,,,,,,,,,,,,,,,,,
GreetingText,http://GreetingsText.com,http://greetingstext.com/images/en/logo.png,Levy 14,Talpiot,,,Internet,shuraki@gmail.com,,Uriel Shuraki,"At GreetingsText.com you will find all types of text greetings, such as Birthday Greetings, Holiday greetings etc. You can also find nice and funny texts and add your own texts. 
",,,31.772415,35.220848,,,,Startup,,h,,,,,,,"<img src=""http://greetingstext.com/images/en/logo.png"" style=""max-height: 100px;max-width: 100px;"" />","<a target=""_blank"" rel=""nofollow"" href=""http://GreetingsText.com"">GreetingText</a>",????? ?? MAdeinJLM,GreetingsText.com,,,,,,,,,,,,,,,,,,,,,,,,,,,,,,,,,,,,,,,,,,
Here a Story,here-a-story.com,here-a-story.com/assets/img/Logo.png,"Hi-tech park, Givat Ram Jerusalem",Givat Ram,Young,3,Mobile,ariel@threetallguys.com,,Ariel Ephrat,"We're working on a mobile application for location-based storytelling called ????? ?????? (Here a Story). Our app allows anyone to create, share and listen to local stories pinned to an interactive map.",,http://facebook.com/hereAstory,31.77,35.21,Nope,,,,2013,Yes,No,,,,,,,,,,,,,,,,,,,,,,,,,,,,,,,,,,,,,,,,,,,,,,,,,,,
HR Vision,http://www.hrvision.com,http://www.hrvision.com/images/logo.gif,HaMarpe 4,HH,Mid,25,Software,,,,provides the optimal solution for call center employee assessment using unique technologies.,,,31.802895,35.209653,,V,,,,,,,,,,,"<img src=""http://www.hrvision.com/images/logo.gif"" style=""max-height: 100px;max-width: 100px;"" />","<a target=""_blank"" rel=""nofollow"" href=""http://www.hrvision.com"">HR Vision</a>",????? ?? MAdeinJLM,HR Vision,,,,,,,,,,,,,,,,,,,,,,,,,,,,,,,,,,,,,,,,,,
Humenyes,http://www.humaneyes.com/,http://www.geektime.co.il/wp-content/uploads/2011/03/humaneyes-1.png,Givat Ram,Givat Ram,Mid,25,Software,,972-2-651-8999,,,,,31.779223,35.196824,,V,,,,,,,,,,,"<img src=""http://www.geektime.co.il/wp-content/uploads/2011/03/humaneyes-1.png"" style=""max-height: 100px;max-width: 100px;"" />","<a target=""_blank"" rel=""nofollow"" href=""http://www.humaneyes.com/"">Humenyes</a>",????? ?? MAdeinJLM,Humenyes,,,,,,,,,,,,,,,,,,,,,,,,,,,,,,,,,,,,,,,,,,
IBM,http://www.research.ibm.com/,http://madeinjlm.org/map/1px.png,Building No. 8 Jerusalem Technology Park,Malcha,R&D Center,12,Software,,04-8281423,???? ????,IBM R&D Jerusalem Center,,,31.749482,35.187103,,V,,,,,,,,,,,"<img src=""http://madeinjlm.org/map/1px.png"" style=""max-height: 100px;max-width: 100px;"" />","<a target=""_blank"" rel=""nofollow"" href=""http://www.research.ibm.com/"">IBM</a>",????? ?? MAdeinJLM,IBM,,,,,,,,,,,,,,,,,,,,,,,,,,,,,,,,,,,,,,,,,,
illuminea,http://illuminea.com,http://illuminea.com/wp-content/uploads/2013/06/illumineafblogo.png,43a Emek Refaim St.,Talpiot,,5,Service Provider / Outsource,miriam@illuminea.com,(02) 5660297,Miriam Schwab,illuminea is a full service WordPress development and online marketing agency with over seven years of experience.,miriamschwab,https://www.facebook.com/illuminea,31.76291,35.218345,"Yes, we are hiring!",,,Service Provider / Outsource,,http://illuminea.com/about/careers/,,,,,,,"<img src=""http://illuminea.com/wp-content/uploads/2013/06/illumineafblogo.png"" style=""max-height: 100px;max-width: 100px;"" />","<a target=""_blank"" rel=""nofollow"" href=""http://illuminea.com"">illuminea</a>",????? ?? MAdeinJLM,illuminea,,,,,,,,,,,,,,,,,,,,,,,,,,,,,,,,,,,,,,,,,,
Imagry,http://www.imagry.co/,https://scontent-b-lga.xx.fbcdn.net/hphotos-prn1/1148941_650456068299550_1673518052_n.png,,Derech Beit Haninia,Yound,,Software,Adham.ghazali@gmail.com,,Adham Ghazali,Imagry is an interactive visual shopping platform that allows mobile users find products using their mobile devices.,https://twitter.com/imagryco,https://www.facebook.com/imagry,31.826524,35.227146,Nope,,V,,,,,,,,,,"<img src=""https://scontent-b-lga.xx.fbcdn.net/hphotos-prn1/1148941_650456068299550_1673518052_n.png"" style=""max-height: 100px;max-width: 100px;"" />","<a target=""_blank"" rel=""nofollow"" href=""http://www.imagry.co/"">Imagry</a>",????? ?? MAdeinJLM,Imagry,,,,,,,,,,,,,,,,,,,,,,,,,,,,,,,,,,,,,,,,,,
Inbal,http://inbalsoft.com/,https://fbcdn-profile-a.akamaihd.net/hprofile-ak-ash2/t1/c21.21.259.259/s200x200/479901_117236131767291_1313738885_n.jpg,???? ??????? 42,,,,Service Provider / Outsource,support@inbalsoft.com,97225346548,Udi,"????? ????? ????? ?????? ??????? ???? ?????????, ChangeMat ??? ?????? ?????? ????.",,https://www.facebook.com/ChangeMat,31.783669,35.161751,Nope,,,Service Provider / Outsource,,,,No,Yes,,,,"<img src=""https://fbcdn-profile-a.akamaihd.net/hprofile-ak-ash2/t1/c21.21.259.259/s200x200/479901_117236131767291_1313738885_n.jpg"" style=""max-height: 100px;max-width: 100px;"" />","<a target=""_blank"" rel=""nofollow"" href=""http://inbalsoft.com/"">Inbal</a>",????? ?? MAdeinJLM,Inbal,,,,,,,,,,,,,,,,,,,,,,,,,,,,,,,,,,,,,,,,,,
Innodata Isogen,http://www.innodata.com,,"Gan Technology Malcha Building 23, 16th Floor Jerusalem",Malcha,,,software,,077-5665595,????? ?????,"Empowering digital transformation for publishers, information services providers and enterprise content developers.",,,31.7698,35.21215,Nope,,,,,,,,,,,,"<img src="""" style=""max-height: 100px;max-width: 100px;"" />","<a target=""_blank"" rel=""nofollow"" href=""http://www.innodata.com"">Innodata Isogen </a>","????? ?? ???""?",Innodata,??,???,02-6799566,???-??,??,??,??,??,??,???,??,,,??,??,??,??,??,,??,??,??,??,??,??,??,??,??,,??,??,??,,,,,,,,,,
Inpris,http://www.inprisltd.com/,http://madeinjlm.org/map/1px.png,,,Pre-Seed,2,Mobile,,,,Siftech,,,31.7938,35.243233,,V,,,,,,,,,,,"<img src=""http://madeinjlm.org/map/1px.png"" style=""max-height: 100px;max-width: 100px;"" />","<a target=""_blank"" rel=""nofollow"" href=""http://www.inprisltd.com/"">Inpris</a>",????? ?? MAdeinJLM,Inpris,,,,,,,,,,,,,,,,,,,,,,,,,,,,,,,,,,,,,,,,,,
Intel,http://bit.ly/intelIsrael,http://www.intel.com/sites/sitewide/HAT/40recode/pix/main-logo.png,Hamarpe 10,HH,Corporate,800,Semiconductor,,,,"Intel Corporation is an American multinational semiconductor chip maker corporation headquartered in Santa Clara, California. Intel is the world's largest and highest valued semiconductor chip maker, based on revenue.",,,31.802601,35.211182,,V,,,,,,,,,,,"<img src=""http://www.intel.com/sites/sitewide/HAT/40recode/pix/main-logo.png"" style=""max-height: 100px;max-width: 100px;"" />","<a target=""_blank"" rel=""nofollow"" href=""http://bit.ly/intelIsrael"">Intel</a>",????? ?? MAdeinJLM,Intel,,,,,,,,,,,,,,,,,,,,,,,,,,,,,,,,,,,,,,,,,,
IPAttitude,http://WWW.ipattitude.com,https://lh3.ggpht.com/-LVIqpyIkrMw/URtS_ssBUCI/AAAAAAAAADM/cg3zbrN2gd8/s200/IPAplus+V13+.jpg,"Rehov Hartoum 16, Har Hotzvim",HH,,1,Software,ipattitude69@gmail.com,054-55-468-53,Dr. Sinai Yarus,IPAttitude provides patent related services to creative companies. We are small enough that we take the time to listen to your business plan and construct your IP portfolio around it.,,,31.8045,35.2109,Nope,,,Service Provider / Outsource,"Quality IP services at an affordable price and service with a smile.
",,,,,,,,"<img src=""https://lh3.ggpht.com/-LVIqpyIkrMw/URtS_ssBUCI/AAAAAAAAADM/cg3zbrN2gd8/s200/IPAplus+V13+.jpg"" style=""max-height: 100px;max-width: 100px;"" />","<a target=""_blank"" rel=""nofollow"" href=""http://WWW.ipattitude.com"">IPAttitude</a>",????? ?? MAdeinJLM,IPAttitude,,,,,,,,,,,,,,,,,,,,,,,,,,,,,,,,,,,,,,,,,,
Jerusalem Startup Hub,http://www.jerusalemstartuphub.com/,http://events.startisrael.co.il/uploads/Events/295bfb5cfeec50540692a3f7dfcb237c.jpg,18 Shlomtzion Hamalka st,Center,,,Accelerator/Hub,,,,"Jerusalem Startup Hub is a co-working space in the heart of Jerusalem, offering its services on daily, weekly and monthly basis. High-quality networking, exposure to VC’s, hi-end legal and financial services.",https://twitter.com/jerusalemstart,https://www.facebook.com/jerusalemstartuphub,31.77912,35.222637,Nope,V,,,,,,,,,,,"<img src=""http://events.startisrael.co.il/uploads/Events/295bfb5cfeec50540692a3f7dfcb237c.jpg"" style=""max-height: 100px;max-width: 100px;"" />","<a target=""_blank"" rel=""nofollow"" href=""http://www.jerusalemstartuphub.com/"">Jerusalem Startup Hub</a>",????? ?? MAdeinJLM,Jerusalem Startup Hub,,,,,,,,,,,,,,,,,,,,,,,,,,,,,,,,,,,,,,,,,,
Jumpspeed Ventures,http://www.jumpspeed.co,http://www.startbaseil.com/uploads/Investors/765f0345491b6afeb652327c658df289.png,2 Poalei Tzedek Talpiot,Talpiot,,1,Investor,ben@jumpspeed.co,,Ben Wiener,"Jumpspeed Ventures, is Jerusalem's first micro-fund and product-stage accelerator. We can invest $50-$150k in companies that have more than just an idea but are still pre-market traction. Our investment and acceleration efforts with these companies will get them to and through market traction and further funding from larger investors/VCs.",@jumpspeedco,https://www.facebook.com/jumpspeedventures,31.75292,35.214958,Nope,,,Investor,,,2013,Yes,No,,,,"<img src=""http://www.startbaseil.com/uploads/Investors/765f0345491b6afeb652327c658df289.png"" style=""max-height: 100px;max-width: 100px;"" />","<a target=""_blank"" rel=""nofollow"" href=""http://www.jumpspeed.co"">Jumpspeed Ventures</a>",????? ?? MAdeinJLM,Jumpspeed Ventures,,,,,,,,,,,,,,,,,,,,,,,,,,,,,,,,,,,,,,,,,,
JVP,http://www.jvpvc.com/,http://www.jvpvc.com/images/misc/jvp_logo.jpg,"Hevron Road 24,",Talpiot,,,Investor,,,,"Jerusalem Venture Partners (“JVP”) is one of Israel’s largest and most active venture capital funds, and was recently ranked by Preqin as one of the top ten consistently performing funds in the world. . Founded in 1993, and with over $900 million raised to date, JVP has helped build over 90 companies and has orchestrated 25 of the largest exits in the region with 14 industry sales and 11 IPOs on NASDAQ, including QlikTech, XtremIO, CyOptics, Netro Corp, Chromatis Networks, Precise Software, Cogent Communication and more.",,,31.766953,35.225467,,V,,,,,,,,,,,"<img src=""http://www.jvpvc.com/images/misc/jvp_logo.jpg"" style=""max-height: 100px;max-width: 100px;"" />","<a target=""_blank"" rel=""nofollow"" href=""http://www.jvpvc.com/"">JVP</a>",????? ?? MAdeinJLM,JVP,,,,,,,,,,,,,,,,,,,,,,,,,,,,,,,,,,,,,,,,,,
Kahena Digital Marketing,http://www.kahenadigital.com,http://www.kahenadigital.com/wp-content/themes/simplicity/images/logo.png,24 Derech Hevron (JVP),Talpiot,,13,Service Provider / Outsource,ari@kahenadigital.com,02-561-3127,Ari Nahmani,Inbound marketing agency,kahenadigital,https://www.facebook.com/KahenaDigital,31.766883,35.225255,"Yes, we are hiring!",,,Other,,http://www.kahenadigital.com/kahena-jobs/,2011,Yes,No,,,No,"<img src=""http://www.kahenadigital.com/wp-content/themes/simplicity/images/logo.png"" style=""max-height: 100px;max-width: 100px;"" />","<a target=""_blank"" rel=""nofollow"" href=""http://www.kahenadigital.com"">Kahena Digital Marketing</a>",????? ?? MAdeinJLM,Kahena Digital Marketing,,,,,,,,,,,,,,,,,,,,,,,,,,,,,,,,,,,,,,,,,,
Kima group,http://www.kima.co.il,http://kima.co.il/sites/all/themes/m45_fontfolio/styles/images/vc.jpg,Mendelei Mokher Sfarim 1,,,6,Software,eyal@kima.co.il,02-8040000,Eyal Shlomo Levy,"Kima group is about business growth with financial freedom.
we provide a wide range of business services including: 
Financial managment, Marketing, Large scale sites and software programing.",kimaclub,https://www.facebook.com/kimaclub,31.772269,35.220902,"Yes, we are hiring!",,,Service Provider / Outsource,Thanks!,http://tinyurl.com/qxvwdmg,2014,Yes,Yes,,,,"<img src=""http://kima.co.il/sites/all/themes/m45_fontfolio/styles/images/vc.jpg"" style=""max-height: 100px;max-width: 100px;"" />","<a target=""_blank"" rel=""nofollow"" href=""http://www.kima.co.il"">Kima group</a>",????? ?? MAdeinJLM,Kima group,,,,,,,,,,,,,,,,,,,,,,,,,,,,,,,,,,,,,,,,,,
Kramer Electronics,http://www.kramerelectronics.com/,http://iavicanada.com/wp-content/uploads/2012/12/Logo-Kramer-Full-Color-Box.png,3 Am VeOlamo Street,HH,Big,200,Hardware,,02-6544-000,,"Kramer Electronics is a company that designs, manufactures and distributes signal management products for analog and digital video signals, audio signals, computer graphics video signals and control signals which are used in the professional AV, broadcast and production and residential AV markets worldwide.",,,31.789196,35.186845,,V,,,,,,,,,,,"<img src=""http://iavicanada.com/wp-content/uploads/2012/12/Logo-Kramer-Full-Color-Box.png"" style=""max-height: 100px;max-width: 100px;"" />","<a target=""_blank"" rel=""nofollow"" href=""http://www.kramerelectronics.com/"">Kramer Electronics</a>",????? ?? MAdeinJLM,Kramer Electronics,,,,,,,,,,,,,,,,,,,,,,,,,,,,,,,,,,,,,,,,,,
Lapid LED,http://LapidLED.com,http://d2bm3ljpacyxu8.cloudfront.net/width/296/www.lapidled.com/Lapid%20LED%20Logo%20Web%20Small.png,93 Derech Beit Lechem,Talpiot,,6,Energy,Avner@lapidled.com,586337736,Avner Engel,"Bringing the latest innovations in energy efficiency, we provide Israeli companies with multiple ways of reducing energy costs. Our clients receive a return of investment from 30-98% per year.",,https://www.facebook.com/pages/%D7%9C%D7%A4%D7%99%D7%93-%D7%9C%D7%93/1422152374670451,31.752328,",35.218649","Yes, we are hiring!",,,Startup,,,,,,,,,"<img src=""http://d2bm3ljpacyxu8.cloudfront.net/width/296/www.lapidled.com/Lapid%20LED%20Logo%20Web%20Small.png"" style=""max-height: 100px;max-width: 100px;"" />","<a target=""_blank"" rel=""nofollow"" href=""http://LapidLED.com"">Lapid LED </a>",????? ?? MAdeinJLM,Lapid LED,,,,,,,,,,,,,,,,,,,,,,,,,,,,,,,,,,,,,,,,,,
Leviathan energy,http://www.leviathanenergyinc.com/,http://www.leviathanenergyinc.com/templates/leviathan/images/home_top_left.jpg,"Nachal Alexander, Building 1, Suite 2, Beit Shemesh",Bet Shemesh,Mid,,Energy,,,Joe Van Zwaren,"By utilizing the physics of fluid dynamics Leviathan has created wind-, hydro-, and wave-powered products that fundamentally change the economics of investing in alternative energy technologies in these respective markets.",,https://www.facebook.com/pages/Leviathan-Energy-Renewables/101375139949587,31.71228,35.001079,,?,,,,,,,,,,,"<img src=""http://www.leviathanenergyinc.com/templates/leviathan/images/home_top_left.jpg"" style=""max-height: 100px;max-width: 100px;"" />","<a target=""_blank"" rel=""nofollow"" href=""http://www.leviathanenergyinc.com/"">Leviathan energy</a>",????? ?? MAdeinJLM,Leviathan energy,,,,,,,,,,,,,,,,,,,,,,,,,,,,,,,,,,,,,,,,,,
Lig,http://signup.justiceapp.us/,http://madeinjlm.org/map/1px.png,PICO,Talpiot,Pre-Seed,3,Mobile,Itamar Tzabari,,Itamar Tzabari,Siftech,,,31.7939,35.243233,,V,,,,,,,,,,,"<img src=""http://madeinjlm.org/map/1px.png"" style=""max-height: 100px;max-width: 100px;"" />","<a target=""_blank"" rel=""nofollow"" href=""http://signup.justiceapp.us/"">Lig</a>",????? ?? MAdeinJLM,Lig,,,,,,,,,,,,,,,,,,,,,,,,,,,,,,,,,,,,,,,,,,
"Livnat, Mayer & Co. - Attorneys At Law",http://www.LMF.co.il,https://www.facebook.com/photo.php?fbid=104735889687488&set=a.104735153020895.10410.100004532320193&type=1&theater,"Jerusalem Technology Park - Building #9, Malcha",Malcha,,,Service Provider / Outsource,mayer@LMF.co.il,,Russell Mayer,"We are a law firm established in Jerusalem which focuses on providing legal services to start-up enterprises with emphasis on those originating in Jerusalem. Our practice includes services from formation to exit, employment law, intellectual property and leases.",,https://www.facebook.com/livnat.mayer?fref=ts,31.749427,35.186021,"Yes, we are hiring!",,,,1998,Yes,Yes,,,No,,,"<img src=""https://www.facebook.com/photo.php?fbid=104735889687488&set=a.104735153020895.10410.100004532320193&type=1&theater"" style=""max-height: 100px;max-width: 100px;"" />","<a target=""_blank"" rel=""nofollow"" href=""http://www.LMF.co.il"">Livnat, Mayer & Co. - Attorneys At Law</a>",????? ?? MAdeinJLM,"Livnat, Mayer & Co. - Attorneys At Law",,,,,,,,,,,,,,,,,,,,,,,,,,,,,,,,,,,,,,,,,,
LS Message experts,http://www.message-experts.com/,http://www.message-experts.com/wp-content/themes/Minimal/images/logo.png,"Reuven 22, Jerusalem",Talpiot,Service,3,Service Provider / Outsource,fleur@message-experts.com,545283683,Fleur Hassan-Nahoum,"LS Message experts is a boutique consulting firm that specializes in helping our clients develop their messages and then deliver them effectively in any setting from a one-on-one conversation, to a client/sales/investor meetings/interviews to large presentations or high-stakes speaking events. Programs are tailored to each client’s needs, often in preparation for a specific upcoming high-stakes speaking opportunity. Sessions with our experts guarantee a significant upgrade in both content and delivery style. And yes, we make it all fun.

",,,31.759499,35.217887,,,,,,,,,,,,,"<img src=""http://www.message-experts.com/wp-content/themes/Minimal/images/logo.png"" style=""max-height: 100px;max-width: 100px;"" />","<a target=""_blank"" rel=""nofollow"" href=""http://www.message-experts.com/"">LS Message experts</a>",????? ?? MAdeinJLM,LS Message experts,,,,,,,,,,,,,,,,,,,,,,,,,,,,,,,,,,,,,,,,,,
Macademia,,http://madeinjlm.org/map/1px.png,Siftech,,Pre-Seed,2,Internet,,,,Sitech,,,31.7936,35.243233,,V,,,,,,,,,,,"<img src=""http://madeinjlm.org/map/1px.png"" style=""max-height: 100px;max-width: 100px;"" />","<a target=""_blank"" rel=""nofollow"" href="""">Macademia</a>",????? ?? MAdeinJLM,Macademia,,,,,,,,,,,,,,,,,,,,,,,,,,,,,,,,,,,,,,,,,,
Malam,http://www.malam.com/,http://madeinjlm.org/map/1px.png,?? ??????,???? ????,"Big,Service",,Service Provider / Outsource,,02-6707727,???? ????,,,,31.7941,35.2148,,X,,,,,,,,,,,"<img src=""http://madeinjlm.org/map/1px.png"" style=""max-height: 100px;max-width: 100px;"" />","<a target=""_blank"" rel=""nofollow"" href=""http://www.malam.com/"">Malam</a>",????? ?? MAdeinJLM,Malam,,,,,,,,,,,,,,,,,,,,,,,,,,,,,,,,,,,,,,,,,,
Marx Biotechnology Ltd,http://www.MarxBio.com,http://madeinjlm.org/map/1px.png,"Hamitla Street 3/3, Jerusalem",,,2,Medical,Stephen@MarxBio.com,0528 693366,Michael Horesh,Marx Bio is entering clinical trials to develop a diagnostic kit for the early detection of Graft Versus Host Disease (GVHD).,,,31.800868,35.224078,Nope,,,Startup,"Marx Bio has completed animal trials and is now entering Phase 1 clinical trials. The technology is supported by 3 strong patents and a paper published in a peer journal. Founded in 2011 and financed through seed investment, the company will create a prototype over the next twelve months",,2011,Yes,Yes,,,,"<img src=""http://madeinjlm.org/map/1px.png"" style=""max-height: 100px;max-width: 100px;"" />","<a target=""_blank"" rel=""nofollow"" href=""http://www.MarxBio.com"">Marx Biotechnology Ltd</a>",????? ?? MAdeinJLM,Marx Biotechnology Ltd,,,,,,,,,,,,,,,,,,,,,,,,,,,,,,,,,,,,,,,,,,
Matrix,www.matrix.com,http://madeinjlm.org/map/1px.png,???? ???? 11,?? ??????,"Big,Service",,Service Provider / Outsource,,02-5888600,??? ?????,"????? ?????? ?- 6,300 ??????? ,IT. ?????? ????? ?????? ??????? ?????????, ????? ?????? ??????????, ??????? ?????? ?????, ????? ?????? ????? ????? ??????? ??????, ?????? ?????, ?????, ,Offshore ????? ???, ??????, ????? ??????, ???????? ????? ???????. ?????? ?????? ????? ???? ???? ????? ?? ????? ?????? IT, ?""?? ??? BDI. - ?????? ????? ?????? ??????? ??? ??""? ???? ?? ???? 100 ?????? ?? ???? ??????? ?? ?????? ??????? ??????? ??????? - ?? ??? 20. - ????? ??????? ?? ?????? ????? ??? 2011???? ?- 1.75 ??????? ???, ????? ???? ???? ?- 96 ?????? ???. - ????? ????? ?????? ?? ?????? ????? ?????? ???? ?????? ?????? ??????, STKI ????? ?? ?????? ???? ?? ???? ??????? ? IDC ????? ?? ?????? ?????? ?? ???? ??????? ???????.",,,,,,X,,,,,,,,,,,"<img src=""http://madeinjlm.org/map/1px.png"" style=""max-height: 100px;max-width: 100px;"" />","<a target=""_blank"" rel=""nofollow"" href=""www.matrix.com"">Matrix</a>",????? ?? MAdeinJLM,Matrix,,,,,,,,,,,,,,,,,,,,,,,,,,,,,,,,,,,,,,,,,,
Mayorita,https://www.mayorita.com/,https://www.mayorita.com/assets/logo-3a9d667482a6b643dd113604423ad3a1.png,Jerusalem,,Young,2,Software,contact@mayorita.com,,Ran Kramer,"Mayorita is a reliable and objective way to hear the voice of the crowd and to make your own voice influence others. Whether it is a fact, opinion or advise that you seek, Mayorita is there for you",,,31.804753,35.150789,,X,,,,,,,,,,,"<img src=""https://www.mayorita.com/assets/logo-3a9d667482a6b643dd113604423ad3a1.png"" style=""max-height: 100px;max-width: 100px;"" />","<a target=""_blank"" rel=""nofollow"" href=""https://www.mayorita.com/"">Mayorita</a>",????? ?? MAdeinJLM,Mayorita,,,,,,,,,,,,,,,,,,,,,,,,,,,,,,,,,,,,,,,,,,
Medinol,http://www.medinol.com/,http://madeinjlm.org/map/1px.png,Har Hotzvim,HH,,,Medical,,03-7679000,???? ????,??????,,,31.809,35.2235,,V,,,,,,,,,,,"<img src=""http://madeinjlm.org/map/1px.png"" style=""max-height: 100px;max-width: 100px;"" />","<a target=""_blank"" rel=""nofollow"" href=""http://www.medinol.com/"">Medinol </a>",????? ?? MAdeinJLM,Medinol,,,,,,,,,,,,,,,,,,,,,,,,,,,,,,,,,,,,,,,,,,
Merjerz,http://www.merjerz.com,http://www.merjerz.com/assets/logo_m-425c009dd205d0370b1ec90d11fa72a0.png,Hamaapilim 10,Katamon,,,Internet,info@merjerz.com,,Arye Schreiber,"Merjerz makes M&A succeed, using the wisdom of crowds. Help the companies you care about make the right moves by joining the crowd of Merjerz mavericks.",@merjerz,https://www.facebook.com/Merjerz,31.7629,35.2061,Nope,,,Startup,,,,,,,,,"<img src=""http://www.merjerz.com/assets/logo_m-425c009dd205d0370b1ec90d11fa72a0.png"" style=""max-height: 100px;max-width: 100px;"" />","<a target=""_blank"" rel=""nofollow"" href=""http://www.merjerz.com"">Merjerz</a>",????? ?? MAdeinJLM,Merjerz,,,,,,,,,,,,,,,,,,,,,,,,,,,,,,,,,,,,,,,,,,
Minicom,http://www.minicom.com/,,"????? 16, ?.?. 45048",HH,,,,,02-5359618,???? ????,??????? ????? IT,,,31.809,35.2235,Nope,,,,,,,,,,,,"<img src="""" style=""max-height: 100px;max-width: 100px;"" />","<a target=""_blank"" rel=""nofollow"" href=""http://www.minicom.com/"">Minicom</a>","????? ?? ???""?",minicom,??,??? ???????,02-5359693,??????,??,??,??,??,??,???,??,,,??,??,??,??,??,,??,??,??,??,??,??,??,??,??,,??,??,??,,,,,,,,,,
Mobichem,http://www.mobichem-sci.com,,"????? 19, ?.?.45390",HH,,7,,,02-8560324,???? ?????,"????? ????? ?????? ???????????????? ???????, ?????, ???""? ??????+????????? ???? ????? ????? ?""????? ?????""",,,31.809,35.2235,"Yes, we are hiring!",,,,,,,,,,,,"<img src="""" style=""max-height: 100px;max-width: 100px;"" />","<a target=""_blank"" rel=""nofollow"" href=""http://www.mobichem-sci.com"">Mobichem</a>","????? ?? ???""?",Mobichem,??,???,02-5902602,???-??,??,??,??,??,??,????? ??? ????????,??,???? ?????,513222091,??,??,??,??,??,,??,??,??,??,??,??,??,??,??,,??,??,??,,,,7,,,,,,
Mobileye,http://www.mobileye.com/,http://www.mobileye.com/wp-content/themes/mobileye/images/logo.gif,Har Hotzvim,HH,Big,250,Software,,,,"Using sophisticated vision algorithms, Mobileye’s collision avoidance technology is able to ‘interpret’ a scene in real-time and provide drivers with an immediate evaluation based on its analysis. Automakers are now adopting this technology into their rapidly expanding safety feature applications known as Advanced Driver Assistance Systems (ADAS).",,,31.804734,35.213252,,V,,,,,,,,,,,"<img src=""http://www.mobileye.com/wp-content/themes/mobileye/images/logo.gif"" style=""max-height: 100px;max-width: 100px;"" />","<a target=""_blank"" rel=""nofollow"" href=""http://www.mobileye.com/"">Mobileye</a>",????? ?? MAdeinJLM,Mobileye,,,,,,,,,,,,,,,,,,,,,,,,,,,,,,,,,,,,,,,,,,
MyClozz,,http://madeinjlm.org/map/1px.png,PICO,Talpiot,Pre-Seed,2,Internet,,,,Sitech,,,31.793519,35.243282,,V,,,,,,,,,,,"<img src=""http://madeinjlm.org/map/1px.png"" style=""max-height: 100px;max-width: 100px;"" />","<a target=""_blank"" rel=""nofollow"" href="""">MyClozz</a>",????? ?? MAdeinJLM,MyClozz,,,,,,,,,,,,,,,,,,,,,,,,,,,,,,,,,,,,,,,,,,
Ness,,http://madeinjlm.org/map/1px.png,,HH,"Big,Service",,Service Provider / Outsource,,,,,,,,,,X,,,,,,,,,,,"<img src=""http://madeinjlm.org/map/1px.png"" style=""max-height: 100px;max-width: 100px;"" />","<a target=""_blank"" rel=""nofollow"" href="""">Ness</a>",????? ?? MAdeinJLM,Ness,,,,,,,,,,,,,,,,,,,,,,,,,,,,,,,,,,,,,,,,,,
NowForce,http://www.nowforce.com/,http://www.nowforce.com/wp-content/themes/Nowforce/images/logo.png,"6 Hartum, HH",HH,Mid,,Software,,,,"Whether you’re looking to reduce response times, create a safer environment for the people you serve, or optimize incident management, NowForce’s suite of emergency response software and mobile dispatch apps will help your organization improve outcomes.",,,31.802637,35.213388,,?,,,,,,,,,,,"<img src=""http://www.nowforce.com/wp-content/themes/Nowforce/images/logo.png"" style=""max-height: 100px;max-width: 100px;"" />","<a target=""_blank"" rel=""nofollow"" href=""http://www.nowforce.com/"">NowForce</a>",????? ?? MAdeinJLM,NowForce,,,,,,,,,,,,,,,,,,,,,,,,,,,,,,,,,,,,,,,,,,
Omrix,http://www.omrix.com,http://madeinjlm.org/map/1px.png,,HH,,,pharma,,03-7707799,Galia Eckstein,??? ???????,,,31.809,35.2235,,V,,,,,,,,,,,"<img src=""http://madeinjlm.org/map/1px.png"" style=""max-height: 100px;max-width: 100px;"" />","<a target=""_blank"" rel=""nofollow"" href=""http://www.omrix.com"">Omrix</a>",????? ?? MAdeinJLM,Omrix,,,,,,,,,,,,,,,,,,,,,,,,,,,,,,,,,,,,,,,,,,
Ophir optical,http://www.ophiropt.com/,http://www.ophiropt.com/user_files/logos/ophir_logo.gif,"Science-based industrial Park, Har Hotzvim",HH,Big,,Hardware,,,,"Ophir Optronics is a global leader in precision infrared optics, photonics instrumentation and 3D non-contact measurement equipment. The company develops, manufactures and markets top quality products that are based on the most advanced technologies and are renowned for their quality and reliability.",,,31.80294,35.209753,,V,,,,,,,,,,,"<img src=""http://www.ophiropt.com/user_files/logos/ophir_logo.gif"" style=""max-height: 100px;max-width: 100px;"" />","<a target=""_blank"" rel=""nofollow"" href=""http://www.ophiropt.com/"">Ophir optical</a>",????? ?? MAdeinJLM,Ophir optical,,,,,,,,,,,,,,,,,,,,,,,,,,,,,,,,,,,,,,,,,,
Oramed,http://oramed.com/,http://madeinjlm.org/map/1px.png,"??? ????-?? 626 3C, ?.?. 39098",Givat Ram,,,Medical,,547924438,????? ????,developing proprietary technology for the oral delivery of drugs,,,31.7941,35.2148,,?,,,,,,,,,,,"<img src=""http://madeinjlm.org/map/1px.png"" style=""max-height: 100px;max-width: 100px;"" />","<a target=""_blank"" rel=""nofollow"" href=""http://oramed.com/"">Oramed</a>",????? ?? MAdeinJLM,Oramed,,,,,,,,,,,,,,,,,,,,,,,,,,,,,,,,,,,,,,,,,,
Oridion,http://www.oridion.com,,"????? 7, ????? 5",HH,,,pharma,,02-5899147,???? ?????,????? ????? ????? ?????? ?? ?????? ?????? ??????? ????? ????? ???- ????? ?????? ?????,,,31.809,35.2235,"Yes, we are hiring!",,,,,,,,,,,,"<img src="""" style=""max-height: 100px;max-width: 100px;"" />","<a target=""_blank"" rel=""nofollow"" href=""http://www.oridion.com"">Oridion</a>","????? ?? ???""?",oridion medical,??,???,02-5825873,???-??,,??,??,??,??,????? ??? ????????,??,,511197493,??,??,??,??,??,,??,??,??,??,??,??,??,??,??,,??,??,??,,,,,,,,,,
Photocell,,,"??? ?????, ????? ???? ??, ?.?. 39158",Givat Ram,,3,,Ilan@psphotocell.com,054-2520030,???? ???,????? ?? ???? ??????? ?????????? ??????,,,31.782,35.2155,Nope,,,,,,,,,,,,"<img src="""" style=""max-height: 100px;max-width: 100px;"" />","<a target=""_blank"" rel=""nofollow"" href="""">Photocell</a>","????? ?? ???""?",Photocell,??,???,08-8506118,???-??,??,??,??,??,??,???,??,???? ???,514696095,??,??,??,??,??,,??,??,??,??,??,??,??,??,??,,??,??,??,,2,1,,,,,,,
PICO,http://www.picojerusalem.com/,http://madeinjlm.org/wp-content/uploads/2013/07/logopico.png,"Poale Tzedek 2, 4th floor, Talpiot,",Talpiot,,,Accelerator/Hub,,,,"PICO is an exciting new concept in co-working shared space located in Talpiot, Jerusalem. In order to effect a sound ‘ground roots’ change in the economic reality of the neighborhood, we have created the eco-system to truly imbibe the area with a new paradigm in business development.

",,,31.752962,35.21506,,V,,,,,,,,,,,"<img src=""http://madeinjlm.org/wp-content/uploads/2013/07/logopico.png"" style=""max-height: 100px;max-width: 100px;"" />","<a target=""_blank"" rel=""nofollow"" href=""http://www.picojerusalem.com/"">PICO</a>",????? ?? MAdeinJLM,PICO,,,,,,,,,,,,,,,,,,,,,,,,,,,,,,,,,,,,,,,,,,
Pilat Media,http://www.pilatmedia.com/,http://madeinjlm.org/map/1px.png,Har Hotzvim,HH,Mid,30,Software,,,,Pilat Media focuses on business management for media operations. Our product suites help top tier broadcasters generate billions of dollars in revenue.,Pilat_Media,,31.802815,35.209623,,V,,,,,,,,,,,"<img src=""http://madeinjlm.org/map/1px.png"" style=""max-height: 100px;max-width: 100px;"" />","<a target=""_blank"" rel=""nofollow"" href=""http://www.pilatmedia.com/"">Pilat Media</a>",????? ?? MAdeinJLM,Pilat Media,,,,,,,,,,,,,,,,,,,,,,,,,,,,,,,,,,,,,,,,,,
Planet of the Apps,http://poa-media.com,http://www.poa-media.com/images/site_new.jpg,"Communication Center, Neve-Ilan",Neve Ilan,,6,mobile,ben@poa-media.com,,Ben Engel-Kacen,"Planet of the Apps design, develop and publish casual social games for mobile platforms. 

The company bring innovation to the casual social gaming sphere through creative business models and unique user experience.",@Poamediagroup,https://www.facebook.com/POAgroup,31.80705,35.08647,"Yes, we are hiring!",,,Startup,,http://www.ilventure.co/planet-of-the-apps,2013,No,Yes,,,Yes,"<img src=""http://www.poa-media.com/images/site_new.jpg"" style=""max-height: 100px;max-width: 100px;"" />","<a target=""_blank"" rel=""nofollow"" href=""http://poa-media.com"">Planet of the Apps</a>",????? ?? MAdeinJLM,Planet of the Apps,,,,,,,,,,,,,,,,,,,,,,,,,,,,,,,,,,,,,,,,,,
POD,http://smartproductdiscovery.com/,http://madeinjlm.org/map/1px.png,,,Pre-Seed,30,Mobile,,,,Pod is a unique product discovery service that helps you make the right buying decisions. No more scrolling endless reviews. Intelligent filters: read what you need.,,,,,,?,,,,,,,,,,,"<img src=""http://madeinjlm.org/map/1px.png"" style=""max-height: 100px;max-width: 100px;"" />","<a target=""_blank"" rel=""nofollow"" href=""http://smartproductdiscovery.com/"">POD</a>",????? ?? MAdeinJLM,POD,,,,,,,,,,,,,,,,,,,,,,,,,,,,,,,,,,,,,,,,,,
Powermat,http://powermat.com/,http://upload.wikimedia.org/wikipedia/en/6/66/Powermat_Technologies_Comp._logo.png,Neve ilan,Neve ilan,Big,100,Hardware,,02-9950500,??? ???,"Powermat Technologies Ltd. is a developer of wireless energy transfer solutions for consumers, OEM and public places. Retail products are sold worldwide under the brand Duracell Powermat. The company's inductive charging technology has been adopted by the Power Matters Alliance and is the platform adopted by Duracell, General Motors, Starbucks and AT&T.????? ???? ????? ???????? ????????? ?????. ?????????? ?????? ???????? ????????? ????: ??????? ?????, ???? MP3 ??????? ????????? ?????? ??? ?????? ?????? ??????",,,31.808158,35.081069,Nope,?,,,,,,,,,,,"<img src=""http://upload.wikimedia.org/wikipedia/en/6/66/Powermat_Technologies_Comp._logo.png"" style=""max-height: 100px;max-width: 100px;"" />","<a target=""_blank"" rel=""nofollow"" href=""http://powermat.com/"">Powermat</a>",????? ?? MAdeinJLM,Powermat,,,,,,,,,,,,,,,,,,,,,,,,,,,,,,,,,,,,,,,,,,
Presentense,http://presentense.org/,http://presentense.org/files/profile_images/ptstar_0.jpg?1382425943,"14 Hillel Street, 4th floor",Center,,,Accelerator/Hub,,,,"PresenTense’s Jerusalem Hub hosts a social workspace for entrepreneurs and freelancers, locals and travelers in need of a productive place to work or meet. PresenTense’s hub offers open desks, offices, office hours, a conference room, a classroom, conversation clusters, and an environment that is inspiring and animating.",https://twitter.com/PresenTense,https://www.facebook.com/presentense,31.780386,35.217487,,V,,,,,,,,,,,"<img src=""http://presentense.org/files/profile_images/ptstar_0.jpg?1382425943"" style=""max-height: 100px;max-width: 100px;"" />","<a target=""_blank"" rel=""nofollow"" href=""http://presentense.org/"">Presentense</a>",????? ?? MAdeinJLM,Presentense,,,,,,,,,,,,,,,,,,,,,,,,,,,,,,,,,,,,,,,,,,
Qualitest,http://www.qualitestgroup.com/,https://pbs.twimg.com/profile_images/112737881/QualiTest_Logo_Twitter.gif,????? 8,HH,"Big,Service",,Service Provider / Outsource,,,,QualiTest Group is the world's second largest independent QA and software testing company.,,,31.802865,35.211182,,X,,,,,,,,,,,"<img src=""https://pbs.twimg.com/profile_images/112737881/QualiTest_Logo_Twitter.gif"" style=""max-height: 100px;max-width: 100px;"" />","<a target=""_blank"" rel=""nofollow"" href=""http://www.qualitestgroup.com/"">Qualitest</a>",????? ?? MAdeinJLM,Qualitest,,,,,,,,,,,,,,,,,,,,,,,,,,,,,,,,,,,,,,,,,,
Quickcode,www.quickode.com,http://www.quickode.com/public/logo_black.jpg,"2nd floor, the Tower, Malcha technology park, Jerusalem",Malcha,,18,Service Provider / Outsource,yoni@quickode.com,054-6968896,Yoni Colb,"Quickode Ltd. is a mobile software firm developing applications and platforms and providing end to end service from wireframes and specification to amazing applications as well as server-side solutions, web development and more.",@Quickode,https://www.facebook.com/pages/Quickode-Ltd/198740810145469,31.749847,35.18633,"Yes, we are hiring!",,,Service Provider / Outsource,,http://quickode.com/en/careers,2011,Yes,No,,,No,"<img src=""http://www.quickode.com/public/logo_black.jpg"" style=""max-height: 100px;max-width: 100px;"" />","<a target=""_blank"" rel=""nofollow"" href=""www.quickode.com"">Quickcode</a>",????? ?? MAdeinJLM,quickode Ltd.,,,,,,,,,,,,,,,,,,,,,,,,,,,,,,,,,,,,,,,,,,
RadWare,http://www.radware.com/,http://www.radware.com/images/Rad_logo.gif?Lo0P=1b3b61d92e4e927c83b808d20b7e5d613271,"Ha'Marpe 8, Har-Hotzvim",HH,Corporate,150,Software,,052-6111091,???? ??????,"Radware, the global leader in integrated application delivery and application security solutions for business-smart networking, assures the complete availability, performance, and security of business-critical applications for enterprises and carriers worldwide.",,,31.80375,35.211135,,V,,,,,,,,,,,"<img src=""http://www.radware.com/images/Rad_logo.gif?Lo0P=1b3b61d92e4e927c83b808d20b7e5d613271"" style=""max-height: 100px;max-width: 100px;"" />","<a target=""_blank"" rel=""nofollow"" href=""http://www.radware.com/"">RadWare</a>",????? ?? MAdeinJLM,RadWare,,,,,,,,,,,,,,,,,,,,,,,,,,,,,,,,,,,,,,,,,,
RoadMetric,http://www.roadmetric.com/,http://madeinjlm.org/map/1px.png,Neve Ilan,Neve Ilan,Mid,,Software,,,,RoadMetric produces innovative tools for effective traffic law enforcement.,,,31.808218,35.081039,,?,,,,,,,,,,,"<img src=""http://madeinjlm.org/map/1px.png"" style=""max-height: 100px;max-width: 100px;"" />","<a target=""_blank"" rel=""nofollow"" href=""http://www.roadmetric.com/"">RoadMetric</a>",????? ?? MAdeinJLM,RoadMetric,,,,,,,,,,,,,,,,,,,,,,,,,,,,,,,,,,,,,,,,,,
Sandvine,http://www.sandvine.com,,????? 12 ?.?. 45207,HH,,,software,,02-5400980,????? ?????????,????? ?????,,,31.809,35.2235,"Yes, we are hiring!",,,,,,,,,,,,"<img src="""" style=""max-height: 100px;max-width: 100px;"" />","<a target=""_blank"" rel=""nofollow"" href=""http://www.sandvine.com"">Sandvine</a>","????? ?? ???""?",sandvine,??,???,02-5400981,???-??,??,??,??,??,??,????? ??? ????????,??,????? ?????,513476382,??,??,??,??,??,,??,??,??,??,??,??,??,??,??,,??,??,??,,,,,,,,,,
Satec-Global,http://www.satec-global.com,http://www.satec-global.com.au/images/logo-satec-global.jpg,"7 Hamarpe St.
Har Hotzvim Industrial Park",HH,,8,software,,02-5411000,???? ???????,"SATEC is a global leader in the research, development and manufacturing of energy management solutions.",,https://www.facebook.com/SATEC.Global,31.802687,35.211159,Nope,,,,,,,,,,,,"<img src=""http://www.satec-global.com.au/images/logo-satec-global.jpg"" style=""max-height: 100px;max-width: 100px;"" />","<a target=""_blank"" rel=""nofollow"" href=""http://www.satec-global.com"">Satec-Global</a>","????? ?? ???""?",Satec,??,??? ????,02-5812371,???-??,??,??,??,??,??,????? ??? ????????,??,,51123460,??,??,??,??,??,,??,??,??,??,??,??,??,??,??,,??,??,??,,5,3,,,,,,,
Servision,http://www.servision.net/,http://www.servision.net/Pages/FileManager/FileManager/UserFiles/images/GlobalElements/logo.gif,Kiryat Mada 11,HH,Mid,40,Software,gtahan@servision.net,972-2-535-0000,"Gidon Tahan (Founder, Chairman & CEO)",manufactures professional video recording and transmission systems for the security and transportation sectors. SerVision Plc (LSE: ^SEV) is traded on the AIM market of the London Stock Exchange.,,,31.802428,35.209165,,?,,,,,,,,,,,"<img src=""http://www.servision.net/Pages/FileManager/FileManager/UserFiles/images/GlobalElements/logo.gif"" style=""max-height: 100px;max-width: 100px;"" />","<a target=""_blank"" rel=""nofollow"" href=""http://www.servision.net/"">Servision </a>",????? ?? MAdeinJLM,Servision,,,,,,,,,,,,,,,,,,,,,,,,,,,,,,,,,,,,,,,,,,
ShapeDo,https://shapedo.com,http://www.shapedo.com/img/logo-medium.png,Nomads,,PreSeed,2,Internet,Ari@shapedo.com,9.72525E+11,Ari Isaacs,Git based project management for 3D projects,shape_do,https://www.facebook.com/shapedo?fref=ts,31.770354,35.216757,,,,Startup,,,2014,No,Yes,,,,"<img src=""http://www.shapedo.com/img/logo-medium.png"" style=""max-height: 100px;max-width: 100px;"" />","<a target=""_blank"" rel=""nofollow"" href=""https://shapedo.com"">ShapeDo</a>",????? ?? MAdeinJLM,ShapeDo,,,,,,,,,,,,,,,,,,,,,,,,,,,,,,,,,,,,,,,,,,
Sherutnet,https://www.sherut.net/,http://www.sherut.net/Content/AppIcons/Logo_256.png,Kiryat Anavim,Other,Young,5,Software,,,,social network for customer service,,SherutNet,31.810187,35.120841,,X,,,,,,,,,,,"<img src=""http://www.sherut.net/Content/AppIcons/Logo_256.png"" style=""max-height: 100px;max-width: 100px;"" />","<a target=""_blank"" rel=""nofollow"" href=""https://www.sherut.net/"">Sherutnet</a>",????? ?? MAdeinJLM,Sherutnet,,,,,,,,,,,,,,,,,,,,,,,,,,,,,,,,,,,,,,,,,,
Siemens,,http://madeinjlm.org/map/1px.png,Har Hotzvim,HH,Corporate,,Medical,,,,,,,31.80284,35.208932,,X,,,,,,,,,,,"<img src=""http://madeinjlm.org/map/1px.png"" style=""max-height: 100px;max-width: 100px;"" />","<a target=""_blank"" rel=""nofollow"" href="""">Siemens</a>",????? ?? MAdeinJLM,Siemens,,,,,,,,,,,,,,,,,,,,,,,,,,,,,,,,,,,,,,,,,,
Siftech,http://www.siftech.org.il/,http://madeinjlm.org/wp-content/uploads/2013/04/SifTech-logo-1-300x240.png,"Hebrew University of Jerusalem, Har Hatzofim Capmus. Mexico building 91072",,,,Accelerator/Hub,,,,"SifTech is the first Jerusalem-based Startup Accelerator, established in 2012 in the Hebrew University. As of today, 20 start-ups have launched through two classes of the Accelerator.",,,31.7935,35.243233,,V,,,,,,,,,,,"<img src=""http://madeinjlm.org/wp-content/uploads/2013/04/SifTech-logo-1-300x240.png"" style=""max-height: 100px;max-width: 100px;"" />","<a target=""_blank"" rel=""nofollow"" href=""http://www.siftech.org.il/"">Siftech</a>",????? ?? MAdeinJLM,Siftech,,,,,,,,,,,,,,,,,,,,,,,,,,,,,,,,,,,,,,,,,,
SIMPLEx,http://thesimplex.co/,http://madeinjlm.org/map/1px.png,,,,,Software,,,,"We envision a world where any person from any background will be able to learn how to program in every state-of-the-art programming language available. We're 8 young entrepreneurs from Jerusalem area, all former students of MEET - Middle East Education through Technology",,,,,,,,,,,,,,,,,"<img src=""http://madeinjlm.org/map/1px.png"" style=""max-height: 100px;max-width: 100px;"" />","<a target=""_blank"" rel=""nofollow"" href=""http://thesimplex.co/"">SIMPLEx</a>",????? ?? MAdeinJLM,SIMPLEx,,,,,,,,,,,,,,,,,,,,,,,,,,,,,,,,,,,,,,,,,,
Sintec Media,http://www.sintecmedia.com/,http://www.yedatech.co.il/rep/data/company/logo/medium/SintecMedia.jpg,8 Am Ve`Olamo St. Har nof,Other,Mid,100,Software,sales@sintecmedia.com,02-6515122,,"SintecMedia, the leading provider of media business management solutions, has over 300 client sites around the world.SintecMedia augmented its comprehensive solutions for broadcasters, Pay TV networks, multichannel operators and station groups world-wide.",,,31.789397,35.186287,TRUE,,,,,,,,,,,,"<img src=""http://www.yedatech.co.il/rep/data/company/logo/medium/SintecMedia.jpg"" style=""max-height: 100px;max-width: 100px;"" />","<a target=""_blank"" rel=""nofollow"" href=""http://www.sintecmedia.com/"">Sintec Media</a>",????? ?? MAdeinJLM,Sintec Media,,,,,,,,,,,,,,,,,,,,,,,,,,,,,,,,,,,,,,,,,,
Sitehood,http://www.sitehood.co.il/,http://www.sitehood.co.il/static/images/design/LogoENG.png,"hataasya, 93825 Talpiot",South,Young,5,Internet,,02-633-6160,,,,SiteHood,31.748642,35.213303,,,,,,,,,,,,,"<img src=""http://www.sitehood.co.il/static/images/design/LogoENG.png"" style=""max-height: 100px;max-width: 100px;"" />","<a target=""_blank"" rel=""nofollow"" href=""http://www.sitehood.co.il/"">Sitehood</a>",????? ?? MAdeinJLM,Sitehood,,,,,,,,,,,,,,,,,,,,,,,,,,,,,,,,,,,,,,,,,,
SkySaver,www.skysaverusa.com,http://www.skysaverusa.com/wp-content/themes/skysaver/images/skysaver-logo.gif,"Hamarpe 1, Har Hotzvim",HH,,30,Hardware,idob@skysaverusa.com,800801801,Ido Barnoy,Develop and manufacture rescue devices from high rise buildings in the event of an emergency.,SkySaverUSA,https://www.facebook.com/SkySaverUSA?ref=hl,31.801699,35.2116545,Nope,,,Startup,,,,,,,,,"<img src=""http://www.skysaverusa.com/wp-content/themes/skysaver/images/skysaver-logo.gif"" style=""max-height: 100px;max-width: 100px;"" />","<a target=""_blank"" rel=""nofollow"" href=""www.skysaverusa.com"">SkySaver</a>",????? ?? MAdeinJLM,SkySaver,,,,,,,,,,,,,,,,,,,,,,,,,,,,,,,,,,,,,,,,,,
SlideIT,http://mobiletextinput.com,http://androidcandy.files.wordpress.com/2011/11/slideit-keyboard.png,"Yam Suf 6, Jerusalem",Other,Young,7,Mobile,"
Nissim Benbenisty - nissim@mobiletextinput.com
Beny Zemmour - zemmour@mobiletextinput.com",,,"SlideIT is the world’s best text entry solution for touch-screen devices. It's a quick, efficient and enjoyable way to input text on your touchscreen mobile or tablet.",,,31.801105,35.223112,,,,,,,,,,,,,"<img src=""http://androidcandy.files.wordpress.com/2011/11/slideit-keyboard.png"" style=""max-height: 100px;max-width: 100px;"" />","<a target=""_blank"" rel=""nofollow"" href=""http://mobiletextinput.com"">SlideIT</a>",????? ?? MAdeinJLM,SlideIT,,,,,,,,,,,,,,,,,,,,,,,,,,,,,,,,,,,,,,,,,,
Snapget,http://www.ilventure.co/snapget1,http://www.snapgetapp.com/images/logo.jpg,Siftech,,Pre-Seed,,Mobile,,,,"Seen a garment you love? Now you can snap a pic with your smartphone and snapget will tell you exactly where to buy it, or similar items, in seconds!",,,31.79692,35.243233,,,,,,,,,,,,,"<img src=""http://www.snapgetapp.com/images/logo.jpg"" style=""max-height: 100px;max-width: 100px;"" />","<a target=""_blank"" rel=""nofollow"" href=""http://www.ilventure.co/snapget1"">Snapget</a>",????? ?? MAdeinJLM,Snapget,,,,,,,,,,,,,,,,,,,,,,,,,,,,,,,,,,,,,,,,,,
snapkeys,http://www.snapkeys.com,http://www.snapkeys.com/images/logo-letsnap.png,,,Young,5,Mobile,,,,,,,31.764315,35.189871,,,,,,,,,,,,,"<img src=""http://www.snapkeys.com/images/logo-letsnap.png"" style=""max-height: 100px;max-width: 100px;"" />","<a target=""_blank"" rel=""nofollow"" href=""http://www.snapkeys.com"">snapkeys</a>",????? ?? MAdeinJLM,snapkeys,,,,,,,,,,,,,,,,,,,,,,,,,,,,,,,,,,,,,,,,,,
SoftPublisher,http://www.softpublisher.com/,http://www.softpublisher.com/img/logo.png,Bet Hakerem POB 3749,Other,Young,,Internet,,,,"Software Distribution Network for Browser Addons, Mobile & Desktop Applications",,,31.777541,35.189803,,,,,,,,,,,,,"<img src=""http://www.softpublisher.com/img/logo.png"" style=""max-height: 100px;max-width: 100px;"" />","<a target=""_blank"" rel=""nofollow"" href=""http://www.softpublisher.com/"">SoftPublisher</a>",????? ?? MAdeinJLM,SoftPublisher,,,,,,,,,,,,,,,,,,,,,,,,,,,,,,,,,,,,,,,,,,
SQLink,http://eng.sqlink.com/,http://madeinjlm.org/map/1px.png,Har Hotzvim,HH,Service,,Software,,,,SQLink was established in 1994 as a software house and has since grown into a group of companies providing end to end IT services under a single roof. The Group employs approximately 700 computer specialists.,,,31.802785,35.209683,,,,,,,,,,,,,"<img src=""http://madeinjlm.org/map/1px.png"" style=""max-height: 100px;max-width: 100px;"" />","<a target=""_blank"" rel=""nofollow"" href=""http://eng.sqlink.com/"">SQLink</a>",????? ?? MAdeinJLM,SQLink,,,,,,,,,,,,,,,,,,,,,,,,,,,,,,,,,,,,,,,,,,
Star3DMe,http://star3dme.com/,http://star3dme.com/,,,Pre-Seed,1,Internet,,,", Kenneth Dukofsky",,,,,,,,,,,,,,,,,,"<img src=""http://star3dme.com/"" style=""max-height: 100px;max-width: 100px;"" />","<a target=""_blank"" rel=""nofollow"" href=""http://star3dme.com/"">Star3DMe</a>",????? ?? MAdeinJLM,Star3DMe,,,,,,,,,,,,,,,,,,,,,,,,,,,,,,,,,,,,,,,,,,
Starling,http://playstarling.com,https://launchrock-assets.s3.amazonaws.com/logo-files/HXAOUKOY_1364922028346.png?_=1,Poalei Tzedek 2,Talpiot,,3,Mobile,dan@playstarling.com,+972 547459832,Dan Bystritsky,"Enjoy a better music experience! Starling is a social game for venues based on the music experience. You play and compete with other people, choosing the music at your favorite venue. When you leave the venue you get to maintain the music experience, being able to log on and listen to the music played there.
With Starling it always your song!!!",,https://www.facebook.com/playstarling,31.75299,35.214958,Nope,,,Startup,,,,,,,,,"<img src=""https://launchrock-assets.s3.amazonaws.com/logo-files/HXAOUKOY_1364922028346.png?_=1"" style=""max-height: 100px;max-width: 100px;"" />","<a target=""_blank"" rel=""nofollow"" href=""http://playstarling.com"">Starling</a>",????? ?? MAdeinJLM,Starling,,,,,,,,,,,,,,,,,,,,,,,,,,,,,,,,,,,,,,,,,,
Sunshield Ltd,www.sunshieldgroup.com,http://sunshield.co.il,111 haztav St. Moshav Ora,Metro,,1-700-500-549,Energy,contact@israsun.com,,Uriel Nathan,"Sunshield designs, markets and installs window film products:

Sunshield films maximise energy efficiency in buildiings by rejecting the sun's heat energy(IR)

SecurityShield Films protect glass from catastrophic events such as bomb blasts and collateral damage",,https://www.facebook.com/pages/sunshield-%D7%9E%D7%92%D7%9F-%D7%A9%D7%9E%D7%A9-%D7%91%D7%A2%D7%9E/119850598041329?ref=br_tf,31.751927,35.149148,Nope,,,Service Provider / Outsource,Thanks and Regards,,,,,,,,"<img src=""http://sunshield.co.il"" style=""max-height: 100px;max-width: 100px;"" />","<a target=""_blank"" rel=""nofollow"" href=""www.sunshieldgroup.com"">Sunshield Ltd</a>",????? ?? MAdeinJLM,Sunshield Ltd,,,,,,,,,,,,,,,,,,,,,,,,,,,,,,,,,,,,,,,,,,
Teramout,www.teramount.com,http://static.squarespace.com/static/51bea74ce4b020693fe29822/t/52f7ca01e4b056ca2bfce2bb/1392193827168/?format=1500w,Givat Ram,Givat Ram,,,Optics,avi.israel@teramount.com,+972 2-624-9712,Avi Israel,"Founded last July and based in Jerusalem, Teramount operates in a new and exiting branch of electronics - Photonic integrated circuits (PIC). This technology merges the two most successful industries of this generation, silicon based electronics and optical communication into ultra-wideband chips. Our company tackles perhaps the biggest obstacle of PIC based devices, the lack of a scalable, electronics like, model for packaging and assembly.",TeramountLTD,,31.767207,35.19762,"Yes, we are hiring!",,,Startup,,http://www.teramount.com/jobs/,2013,No,Yes,,,,"<img src=""http://static.squarespace.com/static/51bea74ce4b020693fe29822/t/52f7ca01e4b056ca2bfce2bb/1392193827168/?format=1500w"" style=""max-height: 100px;max-width: 100px;"" />","<a target=""_blank"" rel=""nofollow"" href=""www.teramount.com"">Teramout</a>",????? ?? MAdeinJLM,Teramout,,,,,,,,,,,,,,,,,,,,,,,,,,,,,,,,,,,,,,,,,,
Terra Venture Partners,http://www.terravp.com,http://www.terravp.com/upload/design/logo.jpg,41 Harlap Street,Other,,,Investor,,,,Terra Venture Partners is the leading Israeli multi-stage fund investing in and incubating novel clean technology companies.,,,31.768365,35.211096,,V,,,,,,,,,,,"<img src=""http://www.terravp.com/upload/design/logo.jpg"" style=""max-height: 100px;max-width: 100px;"" />","<a target=""_blank"" rel=""nofollow"" href=""http://www.terravp.com"">Terra Venture Partners</a>",????? ?? MAdeinJLM,Terra Venture Partners,,,,,,,,,,,,,,,,,,,,,,,,,,,,,,,,,,,,,,,,,,
The Elegant Monkeys,https://www.facebook.com/ElegantMonkeys?ref=br_rs,https://fbcdn-sphotos-a-a.akamaihd.net/hphotos-ak-ash3/t1/1463997_377309819072058_2132379666_n.png,no address,,,,Mobile,maayanyaz@windowslive.com,,Maayan Yazdi,"We're a startup company, currently working hard on the app that's going to change the world & the way you play :)",,https://www.facebook.com/ElegantMonkeys?ref=br_rs,,,"Yes, we are hiring!",,,Startup,,Mobile Developers,,Yes,Yes,,,,"<img src=""https://fbcdn-sphotos-a-a.akamaihd.net/hphotos-ak-ash3/t1/1463997_377309819072058_2132379666_n.png"" style=""max-height: 100px;max-width: 100px;"" />","<a target=""_blank"" rel=""nofollow"" href=""https://www.facebook.com/ElegantMonkeys?ref=br_rs"">The Elegant Monkeys</a>",????? ?? MAdeinJLM,The Elegant Monkeys,,,,,,,,,,,,,,,,,,,,,,,,,,,,,,,,,,,,,,,,,,
ThetaRay,http://thetaray.com/,http://www.geektime.co.il/wp-content/uploads/2013/08/thetaray.png,Hevron Road 24,JVP,Young,5,Software,Mark Gazit,,Mark Gazit,ThetaRay’s Hyper-dimensional Big Data Analytics™ solution protect against unknown zero-day threats and APT attacks that target critical infrastructure.,ThetaRayTeam,,31.76704,35.225121,,,,,,,,,,,,,"<img src=""http://www.geektime.co.il/wp-content/uploads/2013/08/thetaray.png"" style=""max-height: 100px;max-width: 100px;"" />","<a target=""_blank"" rel=""nofollow"" href=""http://thetaray.com/"">ThetaRay</a>",????? ?? MAdeinJLM,ThetaRay,,,,,,,,,,,,,,,,,,,,,,,,,,,,,,,,,,,,,,,,,,
Tipengo,https://www.tipengo.com/,https://www.tipengo.com/img/new/logo.png,"Samuel hanagid 25, city center",Center,,,Mobile,tipengo.alon@gmail.com,528655527,alon osman,Tipengo is an artificial intelligence social app based on intelligent crowd sourcing aimed to put people in the right places with the right crowd.,,https://www.facebook.com/Tipengo,31.778435,35.215151,Nope,,,Service Provider / Outsource,,,,,,,,,"<img src=""https://www.tipengo.com/img/new/logo.png"" style=""max-height: 100px;max-width: 100px;"" />","<a target=""_blank"" rel=""nofollow"" href=""https://www.tipengo.com/"">Tipengo</a>",????? ?? MAdeinJLM,Tipengo,,,,,,,,,,,,,,,,,,,,,,,,,,,,,,,,,,,,,,,,,,
Tok Media,http://www.tok-media.com,http://tok-media.com.previewdns.com/wp-content/uploads/2012/02/logo.png,Hevron Road 24,JVP,Young,10,Internet,Ron Patreanu,,,,,,31.767026,35.225427,,,,,,,,,,,,,"<img src=""http://tok-media.com.previewdns.com/wp-content/uploads/2012/02/logo.png"" style=""max-height: 100px;max-width: 100px;"" />","<a target=""_blank"" rel=""nofollow"" href=""http://www.tok-media.com"">Tok Media</a>",????? ?? MAdeinJLM,Tok Media,,,,,,,,,,,,,,,,,,,,,,,,,,,,,,,,,,,,,,,,,,
Umoove,http://umoove.me/,http://s3.amazonaws.com/crunchbase_prod_assets/assets/images/resized/0024/2345/242345v1-max-250x250.png,Har Hotzvim,HH,Mid,10,Mobile,Tuvia Elbaum,054-7000043,Tuvia Elbaum,Umoove operates your mobile through head movements alone,,,31.802775,35.209683,Nope,,,,,,,,,,,,"<img src=""http://s3.amazonaws.com/crunchbase_prod_assets/assets/images/resized/0024/2345/242345v1-max-250x250.png"" style=""max-height: 100px;max-width: 100px;"" />","<a target=""_blank"" rel=""nofollow"" href=""http://umoove.me/"">Umoove</a>",????? ?? MAdeinJLM,Umoove,,,,,,,,,,,,,,,,,,,,,,,,,,,,,,,,,,,,,,,,,,
Utopia,,http://madeinjlm.org/map/1px.png,Siftech,,Young,2,Internet,,,,Siftech,,,31.79792,35.243233,,,,,,,,,,,,,"<img src=""http://madeinjlm.org/map/1px.png"" style=""max-height: 100px;max-width: 100px;"" />","<a target=""_blank"" rel=""nofollow"" href="""">Utopia</a>",????? ?? MAdeinJLM,Utopia,,,,,,,,,,,,,,,,,,,,,,,,,,,,,,,,,,,,,,,,,,
veestars,http://veestars.com,http://madeinjlm.org/map/1px.png,Migdal Halevanon 19 Modi'in,Modi'in,,,Mobile,tovi@veestars.com,546647707,Dimant-Zamir Tovi,"VeeStars is an app that offers customized support, guidance, encouragement, reinforcement,

and personal target management, without the need to depend on the schedule of a friend or a psychologist.",,,,,"Yes, we are hiring!",,,Startup,,,,,,,,,"<img src=""http://madeinjlm.org/map/1px.png"" style=""max-height: 100px;max-width: 100px;"" />","<a target=""_blank"" rel=""nofollow"" href=""http://veestars.com"">veestars</a>",????? ?? MAdeinJLM,veestars,,,,,,,,,,,,,,,,,,,,,,,,,,,,,,,,,,,,,,,,,,
Verisense,http://verisense.co.il,http://verisense.co.il/images/logo.jpg,"19 Hartom, Har Hotzvim",HH,,61,Semiconductor,lozowick@verisense.co.il,02-5716137,Pini Lozowick,"Verisense, is the leading ASIC And FPGA design services company based in Israel. Services range from full turn-key solutions, to any aspect of the design including architecture, design, verification, backend services, post silicon system validation, accelerators, and board design.",,,31.803841,35.208135,"Yes, we are hiring!",,,Service Provider / Outsource,,,,,,,,,"<img src=""http://verisense.co.il/images/logo.jpg"" style=""max-height: 100px;max-width: 100px;"" />","<a target=""_blank"" rel=""nofollow"" href=""http://verisense.co.il"">Verisense</a>",????? ?? MAdeinJLM,Verisense,,,,,,,,,,,,,,,,,,,,,,,,,,,,,,,,,,,,,,,,,,
VI,http://vi-app.com,http://madeinjlm.org/map/1px.png,,,,,Mobile,,,,VI is a social platform that brings personality into our online experience.,,,,,,,,,,,,,,,,,"<img src=""http://madeinjlm.org/map/1px.png"" style=""max-height: 100px;max-width: 100px;"" />","<a target=""_blank"" rel=""nofollow"" href=""http://vi-app.com"">VI</a>",????? ?? MAdeinJLM,VI,,,,,,,,,,,,,,,,,,,,,,,,,,,,,,,,,,,,,,,,,,
?Videeback,http://www.videeback.com,http://www.siftech.org.il/wp-content/uploads/2013/12/videeback-temp-logo-1.jpg,Hamagid 7,,,,Internet,muninum@gmail.com,,Roy Munin,"Videeback lets you create virtual training rooms for your students and friends to master new skills together, from the comfort of your home.",,https://www.facebook.com/Videeback,31.765902,35.220129,Nope,,,Startup,2012,Yes,No,,,,,,"<img src=""http://www.siftech.org.il/wp-content/uploads/2013/12/videeback-temp-logo-1.jpg"" style=""max-height: 100px;max-width: 100px;"" />","<a target=""_blank"" rel=""nofollow"" href=""http://www.videeback.com"">?Videeback</a>",????? ?? MAdeinJLM,?Videeback,,,,,,,,,,,,,,,,,,,,,,,,,,,,,,,,,,,,,,,,,,
